beta,ctprime,yaw,ct,an,dPstar,us,A4,u4,v4,success
0.01,-2.0,-0.7853981633974483,-2.1309770616559933,-0.459786649362157,-0.004301914990881921,0.9956887917468704,0.6037068972059223,1.709811644502301,-0.3767070573297902,true
0.01,-2.0,-0.6108652381980153,-3.898657147972987,-0.7044254291194146,-0.0073705670332461825,0.9926020682696071,0.6612825244370237,2.111326890791209,-0.5590444700776339,true
0.01,-2.0,-0.4363323129985824,-5.937188815483619,-0.9010770586646015,-0.01040439553901819,0.9895409081531916,0.6842079617726752,2.518183272989109,-0.6272911211974143,true
0.01,-2.0,-0.2617993877991494,-7.276816074932457,-0.9747490933017104,-0.012255087203523205,0.9876688845914319,0.6827689114810136,2.793714121421897,-0.47084464697236234,true
0.01,-2.0,-0.08726646259971647,-7.825498559262383,-0.9856229512094137,-0.013009735223304411,0.9869045189652634,0.6773896976356782,2.9201315925930786,-0.17050928482260422,true
0.01,-2.0,0.08726646259971647,-7.825498559314154,-0.9856229512159819,-0.013009735223361256,0.9869045189652058,0.6773896976354914,2.9201315926018854,0.17050928482373273,true
0.01,-2.0,0.2617993877991494,-7.276816074932457,-0.9747490933017104,-0.012255087203523205,0.9876688845914319,0.6827689114810136,2.793714121421897,0.47084464697236234,true
0.01,-2.0,0.4363323129985824,-5.937188815499931,-0.901077058667213,-0.010404395539040389,0.9895409081531692,0.6842079617728302,2.518183272991969,0.6272911211990622,true
0.01,-2.0,0.6108652381980153,-3.8986571479737733,-0.7044254291195865,-0.00737056703324755,0.9926020682696057,0.6612825244370364,2.111326890791371,0.5590444700777416,true
0.01,-2.0,0.7853981633974483,-2.130977061639237,-0.45978664935641755,-0.004301914990847473,0.995688791746905,0.6037068972051945,1.709811644498089,0.37670705732670134,true
0.01,-1.0,-0.7853981633974483,-0.6849102834622454,-0.1703933385509721,-0.001857990044897181,0.9981402806776443,0.6428164576553981,1.287448279224067,-0.12107617555527184,true
0.01,-1.0,-0.6108652381980153,-1.0162531946691848,-0.23065534563716922,-0.0029239634291526196,0.997071749230716,0.717369245899962,1.4052647433959202,-0.14572469303032426,true
0.01,-1.0,-0.4363323129985824,-1.345859323193559,-0.2800417125918378,-0.003970236082304683,0.9960218510628015,0.7653418237879634,1.5158090944498408,-0.14219620907778344,true
0.01,-1.0,-0.2617993877991494,-1.607313248671711,-0.3125216751969153,-0.0047843233364539255,0.995204176702998,0.792014616084062,1.6007262465750383,-0.10400082005049543,true
0.01,-1.0,-0.08726646259971647,-0.017743774874747164,0.8662854142143064,0.00009146852340244066,1.0000894480760467,0.13406178926143006,0.9936363954886817,-0.000432086952828844,true
0.01,-1.0,0.08726646259971647,-0.017743765089332127,0.8662854510850655,0.00009146757722244256,1.0000894475471733,0.13406178108608857,0.9936364177663596,0.0004320845425204571,true
0.01,-1.0,0.2617993877991494,-1.6073132486717865,-0.31252167519694624,-0.004784323336454189,0.9952041767029978,0.7920146160840688,1.6007262465750616,0.10400082005050042,true
0.01,-1.0,0.4363323129985824,-1.345859323193559,-0.2800417125918378,-0.003970236082304683,0.9960218510628015,0.7653418237879634,1.5158090944498408,0.14219620907778344,true
0.01,-1.0,0.6108652381980153,-1.0162531946691848,-0.23065534563716922,-0.0029239634291526196,0.997071749230716,0.717369245899962,1.4052647433959202,0.14572469303032426,true
0.01,-1.0,0.7853981633974483,-0.6849102834865252,-0.17039333857171723,-0.0018579900449470217,0.9981402806775944,0.6428164576545728,1.2874482792331092,0.12107617555943827,true
0.01,0.1,-0.7853981633974483,0.04863448929982017,0.013749633208482272,0.00017602359860263302,1.000176008109745,0.7148533020773263,0.9755544450466737,0.00859744038927525,true
0.01,0.1,-0.6108652381980153,0.06475129513080079,0.01766479117928923,0.000273758046257901,1.0002737205849623,0.8318267500513382,0.9673677871046945,0.009284955288468288,true
0.01,0.1,-0.4363323129985824,0.07875851296781529,0.02079630783019084,0.0003711172308207835,1.000371048390832,0.9242244342255823,0.960224189513131,0.008321197027334642,true
0.01,0.1,-0.2617993877991494,0.0890704054170681,0.022936169925094653,0.0004497579594524474,1.0004496568640766,0.9882886336742105,0.954951034842749,0.005763279664520331,true
0.01,0.1,-0.08726646259971647,0.09453031713602647,0.02401907113067978,0.0004937175627504355,1.0004935957447443,1.0211211983180293,0.9521549765419853,0.0020597150387701626,true
0.01,0.1,0.08726646259971647,0.09453031713553725,0.024019071133205228,0.0004937175627482789,1.0004935957447423,1.0211211983182298,0.9521549765422435,-0.0020597150387594862,true
0.01,0.1,0.2617993877991494,0.0890704054170681,0.022936169925094653,0.0004497579594524474,1.0004496568640766,0.9882886336742105,0.954951034842749,-0.005763279664520331,true
0.01,0.1,0.4363323129985824,0.07875851296781529,0.02079630783019084,0.0003711172308207835,1.000371048390832,0.9242244342255823,0.960224189513131,-0.008321197027334642,true
0.01,0.1,0.6108652381980153,0.06475129513080079,0.01766479117928923,0.000273758046257901,1.0002737205849623,0.8318267500513382,0.9673677871046945,-0.009284955288468288,true
0.01,0.1,0.7853981633974483,0.048634489299216314,0.0137496332146051,0.00017602359859674442,1.0001760081097393,0.7148533020737429,0.9755544450469652,-0.008597440389178616,true
0.01,1.6736842105263159,-0.7853981633974483,0.55806269825393,0.18338051990416518,0.002820047882295895,1.0028160827217445,0.8566328491510673,0.6740773978620135,0.09865248134598953,true
0.01,1.6736842105263159,-0.6108652381980153,0.673890483071774,0.22537165838567472,0.0044522582788637695,1.0044423908310556,1.0740105792355934,0.5908136091945608,0.09663190934241292,true
0.01,1.6736842105263159,-0.4363323129985824,0.7582075847279206,0.2573544359384882,0.0061561356851423605,1.0061373024030276,1.2789459943234862,0.5262648412071399,0.08010809555225248,true
0.01,1.6736842105263159,-0.2617993877991494,0.8124830769862447,0.27868224166369415,0.007595860169865807,1.0075672287061817,1.442543699807507,0.48299331179809546,0.05257152319128431,true
0.01,1.6736842105263159,-0.08726646259971647,0.8389713209365574,0.2892897611829537,0.008416656517477234,1.0083815314823468,1.533307501425125,0.46175068110060363,0.018280292158732555,true
0.01,1.6736842105263159,0.08726646259971647,0.8389713209365574,0.2892897611829537,0.008416656517477234,1.0083815314823468,1.533307501425125,0.46175068110060363,-0.018280292158732555,true
0.01,1.6736842105263159,0.2617993877991494,0.8124830769819277,0.2786822416656105,0.007595860169697744,1.007567228706015,1.4425436997940957,0.4829933118023626,-0.052571523191004825,true
0.01,1.6736842105263159,0.4363323129985824,0.7582075847276623,0.25735443593861485,0.006156135685129982,1.0061373024030151,1.2789459943223915,0.5262648412073049,-0.0801080955522269,true
0.01,1.6736842105263159,0.6108652381980153,0.6738904830696347,0.22537165838690432,0.004452258278813799,1.0044423908310058,1.074010579231848,0.5908136091964583,-0.09663190934209703,true
0.01,1.6736842105263159,0.7853981633974483,0.55806269825393,0.18338051990416518,0.002820047882295895,1.0028160827217445,0.8566328491510673,0.6740773978620135,-0.09865248134598953,true
0.01,3.2473684210526317,-0.7853981633974483,0.8019807491235502,0.2972009139334839,0.005206527720354529,1.0051930438680288,1.011008180080756,0.4915430062650416,0.1417715065167875,true
0.01,3.2473684210526317,-0.6108652381980153,0.9108538385726114,0.3534620148271906,0.008169039793879587,1.0081359430101564,1.3323660839768632,0.39749790760834186,0.13061107441566513,true
0.01,3.2473684210526317,-0.4363323129985824,0.9801518862799696,0.3938149840707834,0.011231954117593774,1.0111695744211784,1.6479408607785262,0.3333798043511481,0.10355752162025111,true
0.01,3.2473684210526317,-0.2617993877991494,1.0211684606479545,0.41945065846578994,0.013758468884173893,1.013665101386187,1.9012963285959,0.2949396118452357,0.0660744614664884,true
0.01,3.2473684210526317,-0.08726646259971647,1.040603611159042,0.43175888114755323,0.015142973946114668,1.01503002314703,2.0384433481298485,0.2777015046958628,0.022673645207009974,true
0.01,3.2473684210526317,0.08726646259971647,1.040603611159042,0.43175888114755323,0.015142973946114668,1.01503002314703,2.0384433481298485,0.2777015046958628,-0.022673645207009974,true
0.01,3.2473684210526317,0.2617993877991494,1.021168460647952,0.4194506584657907,0.013758468884173602,1.0136651013861868,1.901296328595872,0.2949396118452392,-0.06607446146648822,true
0.01,3.2473684210526317,0.4363323129985824,0.9801518862799802,0.3938149840707801,0.011231954117594567,1.0111695744211793,1.6479408607785995,0.3333798043511341,-0.10355752162025225,true
0.01,3.2473684210526317,0.6108652381980153,0.9108538385725994,0.35346201482719475,0.008169039793880008,1.0081359430101569,1.3323660839769014,0.3974979076083359,-0.13061107441566325,true
0.01,3.2473684210526317,0.7853981633974483,0.8019807491235502,0.2972009139334839,0.005206527720354529,1.0051930438680288,1.011008180080756,0.4915430062650416,-0.1417715065167875,true
0.01,4.821052631578947,-0.7853981633974483,0.9321864803658461,0.37813593492177655,0.007177915777835123,1.0071523378042524,1.1467568215694113,0.3834503745121521,0.1647888461959539,true
0.01,4.821052631578947,-0.6108652381980153,1.0199132515325748,0.43850465328580507,0.011143185643527315,1.0110817826897112,1.5509411475399169,0.29656190536230265,0.14624955206292495,true
0.01,4.821052631578947,-0.4363323129985824,1.0734358352987934,0.4793553657305197,0.014944877982794298,1.0148348417179225,1.92676524943721,0.2448997274896211,0.11341339680811181,true
0.01,4.821052631578947,-0.2617993877991494,1.1048480703908543,0.5043939876433066,0.017957453794713748,1.0177990506923678,2.219125388296102,0.21572401981787742,0.07148893062778629,true
0.01,4.821052631578947,-0.08726646259971647,1.119707151551621,0.5162320822865554,0.019611831569257162,1.0194232011969229,2.3780576624618512,0.2026557398611346,0.02439722711320472,true
0.01,4.821052631578947,0.08726646259971647,1.119707151551621,0.5162320822865554,0.019611831569257162,1.0194232011969229,2.3780576624618512,0.2026557398611346,-0.02439722711320472,true
0.01,4.821052631578947,0.2617993877991494,1.1048480703908456,0.5043939876433085,0.017957453794712138,1.0177990506923662,2.2191253882959656,0.21572401981789105,-0.07148893062778573,true
0.01,4.821052631578947,0.4363323129985824,1.0734358352987934,0.4793553657305197,0.014944877982794298,1.0148348417179225,1.92676524943721,0.2448997274896211,-0.11341339680811181,true
0.01,4.821052631578947,0.6108652381980153,1.0199132515325748,0.43850465328580507,0.011143185643527315,1.0110817826897112,1.5509411475399169,0.29656190536230265,-0.14624955206292495,true
0.01,4.821052631578947,0.7853981633974483,0.9321864803658461,0.37813593492177655,0.007177915777835123,1.0071523378042524,1.1467568215694113,0.3834503745121521,-0.1647888461959539,true
0.01,6.394736842105263,-0.7853981633974483,1.0087066597567995,0.4383236944758024,0.008829416462962252,1.0087907775754095,1.265125180604352,0.31393380124908093,0.17831583225209086,true
0.01,6.394736842105263,-0.6108652381980153,1.080674271180439,0.49815275075345505,0.013305040790319021,1.013217687163285,1.7102523461616292,0.24036756985867616,0.1549623243497856,true
0.01,6.394736842105263,-0.4363323129985824,1.1235952749989302,0.5374934345044666,0.017565894997327434,1.0174142666559454,2.1236187053952036,0.19738633020504096,0.11871297049893605,true
0.01,6.394736842105263,-0.2617993877991494,1.149367709902715,0.5610911080480726,0.020853456730113105,1.0206404427916724,2.437682843105424,0.17391656744812548,0.0743695632376429,true
0.01,6.394736842105263,-0.08726646259971647,1.161841090049071,0.572124123891963,0.022631199223065557,1.0223807502350628,2.605998393572528,0.16356406826200928,0.025315280602253257,true
0.01,6.394736842105263,0.08726646259971647,1.161841090049229,0.5721241238919339,0.022631199223088875,1.0223807502350857,2.6059983935747133,0.16356406826188685,-0.02531528060226096,true
0.01,6.394736842105263,0.2617993877991494,1.149367709902705,0.5610911080480745,0.020853456730110468,1.0206404427916698,2.437682843105195,0.17391656744814302,-0.07436956323764216,true
0.01,6.394736842105263,0.4363323129985824,1.123595274998932,0.5374934345044663,0.01756589499732783,1.0174142666559456,2.123618705395245,0.1973863302050372,-0.11871297049893617,true
0.01,6.394736842105263,0.6108652381980153,1.080674271180439,0.49815275075345505,0.013305040790319021,1.013217687163285,1.7102523461616292,0.24036756985867616,-0.1549623243497856,true
0.01,6.394736842105263,0.7853981633974483,1.0087066597567995,0.4383236944758024,0.008829416462962252,1.0087907775754095,1.265125180604352,0.31393380124908093,-0.17831583225209086,true
0.01,7.968421052631578,-0.7853981633974483,1.0592553117011738,0.4843806750385102,0.010094495546250928,1.0100440540354327,1.3553897469589027,0.26899858394979015,0.18725165351866685,true
0.01,7.968421052631578,-0.6108652381980153,1.1189854075949686,0.542531120937591,0.014973719546062818,1.0148632612842228,1.833806217005954,0.2043490580221887,0.1604559152276007,true
0.01,7.968421052631578,-0.4363323129985824,1.1552114733135839,0.5798843130787674,0.019498695079863376,1.0193122142691269,2.2681721131182533,0.16786826505140734,0.12205336618096724,true
0.01,7.968421052631578,-0.2617993877991494,1.1776972062953057,0.6019964853567188,0.022925961026625412,1.0226690188201064,2.592572664112184,0.14828586416833897,0.076202616996005,true
0.01,7.968421052631578,-0.08726646259971647,1.1888369425775933,0.6122687699394165,0.024760604566621658,1.0244614239290692,2.764768019208719,0.1397063849418459,0.025903492515982802,true
0.01,7.968421052631578,0.08726646259971647,1.1888369425776804,0.6122687699394023,0.024760604566681527,1.0244614239291276,2.7647680192143884,0.13970638494143822,-0.02590349251599626,true
0.01,7.968421052631578,0.2617993877991494,1.1776972062953057,0.6019964853567188,0.022925961026625412,1.0226690188201064,2.592572664112184,0.14828586416833897,-0.076202616996005,true
0.01,7.968421052631578,0.4363323129985824,1.1552114733135797,0.5798843130787682,0.01949869507986245,1.019312214269126,2.2681721131181716,0.16786826505141517,-0.1220533661809666,true
0.01,7.968421052631578,0.6108652381980153,1.1189854075949501,0.5425311209375948,0.014973719546060936,1.0148632612842208,1.83380621700579,0.2043490580222041,-0.16045591522759795,true
0.01,7.968421052631578,0.7853981633974483,1.0592553117011847,0.4843806750385076,0.010094495546251955,1.0100440540354338,1.3553897469589975,0.2689985839497715,-0.18725165351866876,true
0.01,9.542105263157895,-0.7853981633974483,1.0946438034431565,0.5210068444305237,0.011135611209494162,1.0110742912463835,1.4302889876305251,0.23680480605267648,0.19350751410922443,true
0.01,9.542105263157895,-0.6108652381980153,1.1455517144795972,0.5770191273878652,0.016288702536904415,1.016158159478287,1.9310985955406579,0.17942411043539533,0.1642653675039811,true
0.01,9.542105263157895,-0.4363323129985824,1.1773999539662643,0.612417469216749,0.020967707845625756,1.0207523772653215,2.3771747091436355,0.14776746173907535,0.12439768013125783,true
0.01,9.542105263157895,-0.2617993877991494,1.1978269595588578,0.6331984500909896,0.024467132309994012,1.0241749189602178,2.7063687074208653,0.1309145748626553,0.07750510688259217,true
0.01,9.542105263157895,-0.08726646259971647,1.208146162472886,0.6428148360006759,0.026328409141395392,1.0259906521423712,2.880037134532855,0.12354909029596689,0.026324219019126977,true
0.01,9.542105263157895,0.08726646259971647,1.208146162472883,0.6428148360006763,0.026328409141394747,1.0259906521423705,2.8800371345327878,0.1235490902959683,-0.026324219019126884,true
0.01,9.542105263157895,0.2617993877991494,1.1978269595588538,0.6331984500909903,0.024467132309991334,1.0241749189602152,2.7063687074206055,0.1309145748626814,-0.07750510688259048,true
0.01,9.542105263157895,0.4363323129985824,1.1773999539662643,0.612417469216749,0.020967707845625756,1.0207523772653215,2.3771747091436355,0.14776746173907535,-0.12439768013125783,true
0.01,9.542105263157895,0.6108652381980153,1.145551714479604,0.577019127387864,0.016288702536905703,1.0161581594782882,1.9310985955407705,0.1794241104353857,-0.16426536750398207,true
0.01,9.542105263157895,0.7853981633974483,1.0946438034431565,0.5210068444305237,0.011135611209494162,1.0110742912463835,1.4302889876305251,0.23680480605267648,-0.19350751410922443,true
0.01,11.11578947368421,-0.7853981633974483,1.1207964932341419,0.5509360179697101,0.012007047256253574,1.0119358154113105,1.4932940827541772,0.21264142898964009,0.19813070023821702,true
0.01,11.11578947368421,-0.6108652381980153,1.165276893401761,0.6047427074062804,0.017346565643686564,1.0171986685438588,2.0090890181345804,0.1611555368778292,0.16709384197087634,true
0.01,11.11578947368421,-0.4363323129985824,1.1941160800219344,0.6383592132631806,0.02211769560592053,1.0218783641959932,2.4617355346826755,0.13314097173801187,0.12616381535194007,true
0.01,11.11578947368421,-0.2617993877991494,1.2131774533781448,0.6579825767757164,0.025652573309022136,1.025331725159571,2.7927897926541623,0.11829156065200133,0.07849835746679641,true
0.01,11.11578947368421,-0.08726646259971647,1.2229660308944301,0.6670394236329567,0.02752354428864175,1.027154851313697,2.9666205529864724,0.1118085562020323,0.02664712819450281,true
0.01,11.11578947368421,0.08726646259971647,1.2229660308944301,0.6670394236329567,0.02752354428864175,1.027154851313697,2.9666205529864724,0.1118085562020323,-0.02664712819450281,true
0.01,11.11578947368421,0.2617993877991494,1.2131774533781448,0.6579825767757164,0.025652573309022136,1.025331725159571,2.7927897926541623,0.11829156065200133,-0.07849835746679641,true
0.01,11.11578947368421,0.4363323129985824,1.1941160800219344,0.6383592132631806,0.02211769560592053,1.0218783641959932,2.4617355346826755,0.13314097173801187,-0.12616381535194007,true
0.01,11.11578947368421,0.6108652381980153,1.165276893401761,0.6047427074062804,0.017346565643686564,1.0171986685438588,2.0090890181345804,0.1611555368778292,-0.16709384197087634,true
0.01,11.11578947368421,0.7853981633974483,1.1207964932341279,0.5509360179697129,0.012007047256251907,1.011935815411309,1.493294082754028,0.2126414289896595,-0.1981307002382146,true
0.01,12.689473684210526,-0.7853981633974483,1.1409729401739974,0.5759365273780817,0.012746165207993588,1.0126659520369288,1.5468610627058945,0.19384944427718717,0.20169742612270256,true
0.01,12.689473684210526,-0.6108652381980153,1.1806749149986855,0.6276264338452158,0.018213422309577152,1.0180505118207852,2.0726690070261737,0.14716800717345577,0.16930182753274967,true
0.01,12.689473684210526,-0.4363323129985824,1.2073663585654344,0.6596529276578049,0.023038485663754743,1.0227790432573538,2.528760779235563,0.12198037913265038,0.12756376814067896,true
0.01,12.689473684210526,-0.2617993877991494,1.2254656001275814,0.6782748740607352,0.026589319705073364,1.0262449217463325,2.8601893378354175,0.10865106165839189,0.07929345910791595,true
0.01,12.689473684210526,-0.08726646259971647,1.2348831005111016,0.6868539824405546,0.028462260800593196,1.028068344810496,3.0336396396815686,0.10283172689810524,0.026906788458442455,true
0.01,12.689473684210526,0.08726646259971647,1.2348831005111016,0.6868539824405546,0.028462260800593196,1.028068344810496,3.0336396396815686,0.10283172689810524,-0.026906788458442455,true
0.01,12.689473684210526,0.2617993877991494,1.2254656001275763,0.6782748740607358,0.026589319705071522,1.0262449217463308,2.86018933783525,0.10865106165839813,-0.07929345910791563,true
0.01,12.689473684210526,0.4363323129985824,1.2073663585654626,0.6596529276578009,0.02303848566375826,1.0227790432573571,2.5287607792358227,0.12198037913265652,-0.12756376814068515,true
0.01,12.689473684210526,0.6108652381980153,1.1806749149986884,0.6276264338452153,0.018213422309577905,1.0180505118207859,2.072669007026242,0.14716800717344977,-0.16930182753275017,true
0.01,12.689473684210526,0.7853981633974483,1.1409729401739808,0.5759365273780848,0.012746165207992958,1.012665952036928,1.5468610627058414,0.19384944427719272,-0.20169742612269956,true
0.01,14.263157894736842,-0.7853981633974483,1.1570991466148555,0.5971972382927553,0.013379298998193088,1.0132909740031402,1.5927527397997518,0.17882534857621948,0.20454816329553924,true
0.01,14.263157894736842,-0.6108652381980153,1.1931520681381058,0.6469180350798198,0.01893553336790969,1.0187595725860796,2.1253150691437726,0.13608702892152363,0.1710909778188181,true
0.01,14.263157894736842,-0.4363323129985824,1.2182551697428488,0.6775327788830935,0.02379088850334991,1.0235144244253855,2.5829601733763905,0.113147139008256,0.12871422053649148,true
0.01,14.263157894736842,-0.2617993877991494,1.235648959359197,0.6952835284333146,0.027346191435805974,1.0269821726162907,2.9139266983490915,0.10100923606852259,0.07995237093668095,true
0.01,14.263157894736842,-0.08726646259971647,1.244789921985237,0.7034513435199705,0.029217523971822056,1.0288027254754513,3.086784905451159,0.09570482315628095,0.027122647558082035,true
0.01,14.263157894736842,0.08726646259971647,1.244789921985237,0.7034513435199705,0.029217523971822056,1.0288027254754513,3.086784905451159,0.09570482315628095,-0.027122647558082035,true
0.01,14.263157894736842,0.2617993877991494,1.235648959359197,0.6952835284333146,0.027346191435805974,1.0269821726162907,2.9139266983490915,0.10100923606852259,-0.07995237093668095,true
0.01,14.263157894736842,0.4363323129985824,1.218255169742853,0.6775327788830929,0.02379088850335093,1.0235144244253864,2.582960173376471,0.11314713900825209,-0.12871422053649179,true
0.01,14.263157894736842,0.6108652381980153,1.193152068138114,0.6469180350798186,0.018935533367912014,1.0187595725860819,2.1253150691439764,0.13608702892151162,-0.17109097781881918,true
0.01,14.263157894736842,0.7853981633974483,1.157099146614865,0.5971972382927536,0.013379298998195172,1.0132909740031422,1.5927527397999455,0.17882534857619975,-0.20454816329554085,true
0.01,15.836842105263157,-0.7853981633974483,1.1703187145075051,0.6155562725630873,0.013929241698215397,1.0138335580363005,1.6326136687097539,0.16650771396570563,0.20688507467219627,true
0.01,15.836842105263157,-0.6108652381980153,1.2035664253363423,0.6634603650825327,0.01954476451104927,1.0193574098531506,2.1694236773178024,0.12707390199499963,0.17258433524855402,true
0.01,15.836842105263157,-0.4363323129985824,1.2274439912539998,0.692821484514512,0.02441674010536774,1.0241257150425946,2.6275775957995577,0.10595244899164835,0.1296850614356342,true
0.01,15.836842105263157,-0.2617993877991494,1.2443132544892685,0.7098070936059768,0.0279684729634534,1.0275879261296843,2.957505973519401,0.09477743297292987,0.08051299208847104,true
0.01,15.836842105263157,-0.08726646259971647,1.2532382347251252,0.7176171619796631,0.029836427293911748,1.0294041259867102,3.1296948062252543,0.08988362228357621,0.027306727315882778,true
0.01,15.836842105263157,0.08726646259971647,1.2532382347251303,0.7176171619796625,0.029836427293913004,1.0294041259867113,3.1296948062253582,0.08988362228357279,-0.027306727315882948,true
0.01,15.836842105263157,0.2617993877991494,1.2443132544892666,0.709807093605977,0.02796847296345214,1.0275879261296832,2.9575059735192983,0.09477743297293303,-0.08051299208847101,true
0.01,15.836842105263157,0.4363323129985824,1.2274439912539998,0.692821484514512,0.02441674010536774,1.0241257150425946,2.6275775957995577,0.10595244899164835,-0.1296850614356342,true
0.01,15.836842105263157,0.6108652381980153,1.203566425336358,0.6634603650825305,0.01954476451104984,1.0193574098531513,2.1694236773178734,0.12707390199499582,-0.17258433524856237,true
0.01,15.836842105263157,0.7853981633974483,1.1703187145075051,0.6155562725630873,0.013929241698215397,1.0138335580363005,1.6326136687097539,0.16650771396570563,-0.20688507467219627,true
0.01,17.410526315789475,-0.7853981633974483,1.1814511052681473,0.6316022879484328,0.014408178952180111,1.0143058502765887,1.6672303954326932,0.15624506520514037,0.20885302202404127,true
0.01,17.410526315789475,-0.6108652381980153,1.2124385224732863,0.6778490666601094,0.020066600401836054,1.019869207694667,2.2069608018295392,0.11957194512040045,0.17385654185187288,true
0.01,17.410526315789475,-0.4363323129985824,1.2353465809573123,0.7060910932437673,0.024946444323229507,1.024642810276009,2.664980359348395,0.09995268090871982,0.13052000600565836,true
0.01,17.410526315789475,-0.2617993877991494,1.2517999431537323,0.7224011033179255,0.028491867170650383,1.0280971424646808,2.993738652752841,0.0895669195289675,0.08099741650418739,true
0.01,17.410526315789475,-0.08726646259971647,1.2609259603744525,0.7298564410244855,0.03030842321384077,1.0298625376371442,3.1609746111064356,0.08513690110915317,0.02747423465818369,true
0.01,17.410526315789475,0.08726646259971647,1.2609259603744538,0.7298564410244854,0.030308423213841067,1.0298625376371444,3.1609746111064596,0.08513690110915265,-0.02747423465818371,true
0.01,17.410526315789475,0.2617993877991494,1.2517999431537263,0.7224011033179262,0.02849186717064831,1.028097142464679,2.993738652752668,0.08956691952897276,-0.08099741650418692,true
0.01,17.410526315789475,0.4363323129985824,1.2353465809573156,0.7060910932437668,0.02494644432322951,1.024642810276009,2.6649803593484025,0.09995268090872171,-0.13052000600565905,true
0.01,17.410526315789475,0.6108652381980153,1.2124385224732979,0.6778490666601078,0.020066600401839472,1.0198692076946703,2.2069608018298577,0.1195719451203848,-0.1738565418518842,true
0.01,17.410526315789475,0.7853981633974483,1.1814511052681473,0.6316022879484328,0.014408178952180111,1.0143058502765887,1.6672303954326932,0.15624506520514037,-0.20885302202404127,true
0.01,18.984210526315792,-0.7853981633974483,1.1910033836300524,0.6457782496011579,0.01482872874412776,1.0147203838932681,1.697522805085863,0.14755183351707324,0.2105416422444189,true
0.01,18.984210526315792,-0.6108652381980153,1.2201314641782466,0.690512920174849,0.02051849309177518,1.0203122003512912,2.2392528736322324,0.1132149886971277,0.17495965622292586,true
0.01,18.984210526315792,-0.4363323129985824,1.242312094562495,0.7177438752985604,0.025394551008483028,1.0250800466387877,2.6961948940870157,0.0948784987146823,0.1312559444864754,true
0.01,18.984210526315792,-0.2617993877991494,1.258875317848298,0.7334054232021254,0.028878950804163944,1.0284735784729246,3.018909167002096,0.08529922184864802,0.08145522696548117,true
0.01,18.984210526315792,-0.08726646259971647,1.2679672544023064,0.7405739863862538,0.030674674559100744,1.0302181075484138,3.1840340528177555,0.08116710453963365,0.027627656964210736,true
0.01,18.984210526315792,0.08726646259971647,1.2679672544023064,0.7405739863862538,0.030674674559100744,1.0302181075484138,3.1840340528177555,0.08116710453963365,-0.027627656964210736,true
0.01,18.984210526315792,0.2617993877991494,1.2588753178482992,0.7334054232021253,0.02887895080416497,1.0284735784729255,3.018909167002174,0.08529922184864626,-0.08145522696548108,true
0.01,18.984210526315792,0.4363323129985824,1.2423120945624961,0.7177438752985603,0.02539455100848369,1.0250800466387884,2.6961948940870752,0.09487849871468013,-0.1312559444864756,true
0.01,18.984210526315792,0.6108652381980153,1.220131464178061,0.6905129201748725,0.020518493091454246,1.0203122003509768,2.2392528736029687,0.11321498869903526,-0.17495965622240262,true
0.01,18.984210526315792,0.7853981633974483,1.1910033836300524,0.6457782496011579,0.01482872874412776,1.0147203838932681,1.697522805085863,0.14755183351707324,-0.2105416422444189,true
0.01,20.55789473684211,-0.7853981633974483,1.1992743189192174,0.6584258897276886,0.015204002011755082,1.015090145762227,1.7245206786981355,0.1400559429901749,0.21200375085424286,true
0.01,20.55789473684211,-0.6108652381980153,1.2269176712177023,0.7017682531197049,0.020911993108007322,1.020697793763419,2.2671516791034896,0.10775506191132826,0.17593277647283603,true
0.01,20.55789473684211,-0.4363323129985824,1.2485901557060286,0.7280776387803578,0.025771805663789827,1.025448005180006,2.721976986472829,0.09053910258532949,0.13191925030946125,true
0.01,20.55789473684211,-0.2617993877991494,1.2652897353619452,0.7431604529629843,0.029198181185672484,1.0287839240549916,3.0390055311712327,0.08163459716349912,0.08187027038523621,true
0.01,20.55789473684211,-0.08726646259971647,1.274335890819342,0.7500757414107229,0.03097722391037794,1.0305117407519557,3.2024353078936745,0.07774497002338698,0.02776642278155007,true
0.01,20.55789473684211,0.08726646259971647,1.274335890819342,0.7500757414107229,0.03097722391037794,1.0305117407519557,3.2024353078936745,0.07774497002338698,-0.02776642278155007,true
0.01,20.55789473684211,0.2617993877991494,1.265289735361943,0.7431604529629845,0.02919818118567191,1.028783924054991,3.0390055311712016,0.0816345971634987,-0.0818702703852363,true
0.01,20.55789473684211,0.4363323129985824,1.2485901557060286,0.7280776387803578,0.025771805663789827,1.025448005180006,2.721976986472829,0.09053910258532949,-0.13191925030946125,true
0.01,20.55789473684211,0.6108652381980153,1.2269176712177023,0.7017682531197049,0.020911993108007322,1.020697793763419,2.2671516791034896,0.10775506191132826,-0.17593277647283603,true
0.01,20.55789473684211,0.7853981633974483,1.1992743189192143,0.658425889727689,0.01520400201175412,1.0150901457622261,1.72452067869805,0.1400559429901818,-0.21200375085424245,true
0.01,22.13157894736842,-0.7853981633974483,1.2065841603721692,0.6697919868146728,0.015537674303103328,1.015418804536447,1.7484143209601235,0.13354519154914493,0.21329596046902238,true
0.01,22.13157894736842,-0.6108652381980153,1.2329658539956616,0.7118591681373205,0.021258325948512624,1.0210370472678878,2.2915289183109095,0.10300159896699206,0.176800040702403,true
0.01,22.13157894736842,-0.4363323129985824,1.2546532860762047,0.7372879743228463,0.026057419550886442,1.025726493321685,2.740250254189377,0.08688912800514534,0.1325598477160907,true
0.01,22.13157894736842,-0.2617993877991494,1.2711390121808226,0.7518886989074469,0.02946594470422231,1.0290441630025229,3.0553337836142718,0.07843893105217666,0.08224874633830281,true
0.01,22.13157894736842,-0.08726646259971647,1.2800604128433393,0.7585846904429808,0.03123999943213555,1.030766704382837,3.2181550644177763,0.07473121915855716,0.02789115401080724,true
0.01,22.13157894736842,0.08726646259971647,1.2800604128433393,0.7585846904429808,0.03123999943213555,1.030766704382837,3.2181550644177763,0.07473121915855716,-0.02789115401080724,true
0.01,22.13157894736842,0.2617993877991494,1.2711390121808213,0.751888698907447,0.0294659447042222,1.0290441630025229,3.055333783614262,0.0784389310521771,-0.08224874633830279,true
0.01,22.13157894736842,0.4363323129985824,1.2546532860762047,0.7372879743228463,0.026057419550886442,1.025726493321685,2.740250254189377,0.08688912800514534,-0.1325598477160907,true
0.01,22.13157894736842,0.6108652381980153,1.2329658539956787,0.7118591681373185,0.021258325948515785,1.021037047267891,2.2915289183111858,0.1030015989669838,-0.1768000407024173,true
0.01,22.13157894736842,0.7853981633974483,1.2065841603721692,0.6697919868146728,0.015537674303103328,1.015418804536447,1.7484143209601235,0.13354519154914493,-0.21329596046902238,true
0.01,23.705263157894738,-0.7853981633974483,1.2131163499849154,0.6800781994298025,0.01583615288260869,1.015712708280647,1.7696831582659698,0.12783015544784043,0.21445069921978027,true
0.01,23.705263157894738,-0.6108652381980153,1.2384664927674767,0.7209672234220244,0.021560801175698596,1.0213332474469812,2.3125607484959416,0.09883859089477028,0.17758880003232833,true
0.01,23.705263157894738,-0.4363323129985824,1.2601437293826674,0.7456030270303373,0.026308212286858812,1.0259709667306796,2.7560805463949345,0.08365574041207675,0.133139938121807,true
0.01,23.705263157894738,-0.2617993877991494,1.276441920379962,0.7597660618154003,0.029700477012839087,1.0292720505426594,3.0694053869504643,0.07560036610625248,0.08259186975544558,true
0.01,23.705263157894738,-0.08726646259971647,1.2853311513534778,0.7662557694132793,0.031460669984980844,1.0309807660523531,3.230837546662293,0.07207256935519384,0.028005997793228325,true
0.01,23.705263157894738,0.08726646259971647,1.2853311513534778,0.7662557694132793,0.031460669984980844,1.0309807660523531,3.230837546662293,0.07207256935519384,-0.028005997793228325,true
0.01,23.705263157894738,0.2617993877991494,1.276441920379962,0.7597660618154003,0.029700477012839087,1.0292720505426594,3.0694053869504643,0.07560036610625248,-0.08259186975544558,true
0.01,23.705263157894738,0.4363323129985824,1.2601437293826683,0.7456030270303372,0.02630821228685852,1.0259709667306793,2.756080546394911,0.08365574041207728,-0.13313993812180705,true
0.01,23.705263157894738,0.6108652381980153,1.2384664927674482,0.7209672234220276,0.021560801175694106,1.0213332474469767,2.312560748495532,0.09883859089478768,-0.17758880003230398,true
0.01,23.705263157894738,0.7853981633974483,1.2131163499849154,0.6800781994298025,0.01583615288260869,1.015712708280647,1.7696831582659698,0.12783015544784043,-0.21445069921978027,true
0.01,25.278947368421054,-0.7853981633974483,1.2189273325973626,0.6894550918254675,0.016109436882884163,1.0159817290507553,1.7891673160061943,0.12273218261121643,0.21547794560516076,true
0.01,25.278947368421054,-0.6108652381980153,1.243893522763938,0.7292006666279011,0.021795848642428235,1.0215633594079856,2.3279630634489075,0.09528752027137438,0.1783670034912632,true
0.01,25.278947368421054,-0.4363323129985824,1.2651665137396695,0.7531582367950724,0.026528734380381967,1.0261858841174947,2.7697740232462356,0.0807699879792684,0.13367061822745202,true
0.01,25.278947368421054,-0.2617993877991494,1.281325352499337,0.7669192329339375,0.029902965376017554,1.029468761428788,3.081215184145689,0.07306816682020775,0.08290785108047076,true
0.01,25.278947368421054,-0.08726646259971647,1.2901780045738056,0.7732219075239047,0.03165145517764524,1.0311658015834413,3.2414722120128556,0.06969522443104673,0.028111605566351703,true
0.01,25.278947368421054,0.08726646259971647,1.2901780045738056,0.7732219075239047,0.03165145517764524,1.0311658015834413,3.2414722120128516,0.06969522443104693,-0.028111605566351706,true
0.01,25.278947368421054,0.2617993877991494,1.2813253524993395,0.7669192329339373,0.029902965376018616,1.0294687614287892,3.0812151841457722,0.07306816682020625,-0.08290785108047084,true
0.01,25.278947368421054,0.4363323129985824,1.2651665137396673,0.7531582367950727,0.02652873438038112,1.026185884117494,2.769774023246153,0.0807699879792708,-0.1336706182274519,true
0.01,25.278947368421054,0.6108652381980153,1.24389352276394,0.7292006666279008,0.02179584864242955,1.021563359407987,2.327963063449019,0.09528752027137025,-0.17836700349126353,true
0.01,25.278947368421054,0.7853981633974483,1.2189273325973626,0.6894550918254675,0.016109436882884163,1.0159817290507553,1.7891673160061943,0.12273218261121643,-0.21547794560516076,true
0.01,26.85263157894737,-0.7853981633974483,1.2242423273749896,0.6980359325991365,0.01635462470184665,1.0162230313289606,1.8065167889608087,0.11819477168667057,0.21641751285293306,true
0.01,26.85263157894737,-0.6108652381980153,1.2488617568120393,0.7367312949611232,0.022006408044248905,1.0217694534916726,2.3416265165745966,0.09209713697790622,0.17907941897851806,true
0.01,26.85263157894737,-0.4363323129985824,1.2698325620982378,0.7600592060562981,0.02671988969530684,1.0263721446887903,2.781325131105975,0.07818583026023274,0.13416360755051687,true
0.01,26.85263157894737,-0.2617993877991494,1.2858750620534172,0.7734509829848858,0.03007609481403321,1.0296369212630538,3.090916426124405,0.07079762642587069,0.08320223892045712,true
0.01,26.85263157894737,-0.08726646259971647,1.2946390224930113,0.7795872597371815,0.03182002165289131,1.0313292603750341,3.250659289142839,0.06754752917767644,0.028208806398918006,true
0.01,26.85263157894737,0.08726646259971647,1.2946390224930113,0.7795872597371815,0.031820021652891085,1.031329260375034,3.2506592891428254,0.06754752917767667,-0.028208806398918006,true
0.01,26.85263157894737,0.2617993877991494,1.285875062053416,0.7734509829848859,0.030076094814032617,1.0296369212630532,3.0909164261243594,0.07079762642587172,-0.083202238920457,true
0.01,26.85263157894737,0.4363323129985824,1.2698325620982331,0.7600592060562985,0.02671988969530492,1.0263721446887886,2.7813251311058065,0.07818583026023773,-0.13416360755051654,true
0.01,26.85263157894737,0.6108652381980153,1.2488617568120384,0.7367312949611233,0.022006408044247982,1.0217694534916717,2.3416265165745167,0.0920971369779083,-0.17907941897851773,true
0.01,26.85263157894737,0.7853981633974483,1.2242423273749896,0.6980359325991365,0.01635462470184665,1.0162230313289606,1.8065167889608087,0.11819477168667057,-0.21641751285293306,true
0.01,28.426315789473687,-0.7853981633974483,1.2293075352198999,0.7059068009356665,0.01656563527788719,1.0164306521134032,1.8210986657670585,0.11419221765628068,0.21731292357131637,true
0.01,28.426315789473687,-0.6108652381980153,1.2534130940684045,0.743656502125181,0.022197975010832812,1.0219569218034859,2.3539901028447363,0.08920356131755058,0.17973205391648767,true
0.01,28.426315789473687,-0.4363323129985824,1.274142981311353,0.7663998682045436,0.02689088718612728,1.026538734961716,2.7915040553072457,0.07584213480263036,0.13461902303711767,true
0.01,28.426315789473687,-0.2617993877991494,1.2900584646392026,0.7794532663877658,0.03023290499795689,1.029789206583508,3.099617304207289,0.06872841546839785,0.08347292498609829,true
0.01,28.426315789473687,-0.08726646259971647,1.2988204365603935,0.7854294854953645,0.03196384561384579,1.031468705888663,3.2580965158643957,0.06560702171402606,0.028299914961141398,true
0.01,28.426315789473687,0.08726646259971647,1.2988204365603935,0.7854294854953645,0.03196384561384579,1.031468705888663,3.2580965158643957,0.06560702171402606,-0.028299914961141398,true
0.01,28.426315789473687,0.2617993877991494,1.2900584646392026,0.7794532663877658,0.03023290499795637,1.0297892065835075,3.0996173042072455,0.06872841546839917,-0.08347292498609825,true
0.01,28.426315789473687,0.4363323129985824,1.274142981311353,0.7663998682045436,0.02689088718612728,1.026538734961716,2.7915040553072457,0.07584213480263036,-0.13461902303711767,true
0.01,28.426315789473687,0.6108652381980153,1.2534130940684045,0.743656502125181,0.022197975010832812,1.0219569218034859,2.3539901028447363,0.08920356131755058,-0.17973205391648767,true
0.01,28.426315789473687,0.7853981633974483,1.2293075352198999,0.7059068009356665,0.01656563527788719,1.0164306521134032,1.8210986657670585,0.11419221765628068,-0.21731292357131637,true
0.01,30.0,-0.7853981633974483,1.2341401153117266,0.713162053264481,0.01674840769234671,1.0166104540996306,1.833416584154831,0.11062682585309483,0.2181672111155798,true
0.01,30.0,-0.6108652381980153,1.2576675974745049,0.750047324871178,0.02236820127995105,1.0221234771595415,2.364779807513683,0.08658279486147386,0.180342124623006,true
0.01,30.0,-0.4363323129985824,1.2781208782725522,0.7722545937710649,0.027046866945918017,1.0266906709909682,2.8007212746723575,0.07369796185346236,0.13503930603905548,true
0.01,30.0,-0.2617993877991494,1.2939637696745845,0.7849909933299115,0.030371465872005902,1.0299237504514538,3.1070822438881827,0.06684172999051174,0.08372561681614892,true
0.01,30.0,-0.08726646259971647,1.3027549545829102,0.7908169391929643,0.03208707215425436,1.0315881660376576,3.264096824128126,0.06384217983407954,0.02838564392149448,true
0.01,30.0,0.08726646259971647,1.3027549545829118,0.7908169391929641,0.03208707215425533,1.0315881660376587,3.2640968241282,0.06384217983407824,-0.028385643921494518,true
0.01,30.0,0.2617993877991494,1.2939637696745845,0.7849909933299115,0.030371465872005902,1.0299237504514538,3.1070822438881827,0.06684172999051174,-0.08372561681614892,true
0.01,30.0,0.4363323129985824,1.2781208782725522,0.7722545937710649,0.027046866945918017,1.0266906709909682,2.8007212746723575,0.07369796185346236,-0.13503930603905548,true
0.01,30.0,0.6108652381980153,1.257667597474507,0.7500473248711778,0.022368201279951698,1.022123477159542,2.364779807513724,0.08658279486147355,-0.1803421246230065,true
0.01,30.0,0.7853981633974483,1.234140115311722,0.7131620532644816,0.01674840769234526,1.0166104540996292,1.8334165841547034,0.11062682585310182,-0.218167211115579,true
0.01,40.0,-0.7853981633974483,1.2582143462952604,0.7491799104641675,0.017608389878454995,1.0174560333289362,1.8899685168842033,0.09384102601420627,0.22242297328485425,true
0.01,40.0,-0.6108652381980153,1.2791501332131874,0.7816937120051636,0.02314823223768936,1.0228863399593386,2.4122524087998722,0.07413239240852496,0.18342259374278153,true
0.01,40.0,-0.4363323129985824,1.2985893689408785,0.8011936671658446,0.027723953880372777,1.0273499441592824,2.83756679172608,0.0634979711620478,0.1372018954796737,true
0.01,40.0,-0.2617993877991494,1.3141537790633218,0.8123496752386703,0.030953001177973557,1.0304882349430953,3.134513989749681,0.05782596465241078,0.08503200655401333,true
0.01,40.0,-0.08726646259971647,1.3228136023127313,0.8174528300809575,0.03262280459099696,1.0321073632051858,3.287050329581744,0.05532392418549045,0.028822700506550693,true
0.01,40.0,0.08726646259971647,1.3228136023127266,0.8174528300809578,0.03262280459099569,1.0321073632051847,3.287050329581632,0.05532392418549248,-0.0288227005065506,true
0.01,40.0,0.2617993877991494,1.3141537790633218,0.8123496752386703,0.030953001177973557,1.0304882349430953,3.134513989749681,0.05782596465241078,-0.08503200655401333,true
0.01,40.0,0.4363323129985824,1.2985893689408785,0.8011936671658446,0.027723953880372777,1.0273499441592824,2.83756679172608,0.0634979711620478,-0.1372018954796737,true
0.01,40.0,0.6108652381980153,1.2791501332131874,0.7816937120051636,0.02314823223768936,1.0228863399593386,2.4122524087998722,0.07413239240852496,-0.18342259374278153,true
0.01,40.0,0.7853981633974483,1.2582143462953674,0.7491799104641569,0.01760838987847768,1.0174560333289584,1.8899685168861633,0.09384102601412098,-0.2224229732848874,true
0.01,50.0,-0.7853981633974483,1.275077719262772,0.7741613213585616,0.018158931696371956,1.0179969859439937,1.9247509728161827,0.08296764497327193,0.22540402746682847,true
0.01,50.0,-0.6108652381980153,1.2945062878437994,0.8035723773005035,0.023625303195598794,1.02335263051967,2.4392052747853907,0.06596578441076788,0.1856245758599057,true
0.01,50.0,-0.4363323129985824,1.3135164897769607,0.8211631338194672,0.028107261721466156,1.0277229799115815,2.855223969911211,0.05676655825802352,0.13877901390829953,true
0.01,50.0,-0.2617993877991494,1.3290013602665796,0.8312149671983221,0.03125964537941239,1.030785763754486,3.144795277810943,0.051842427892955206,0.08599271575078538,true
0.01,50.0,-0.08726646259971647,1.337696432106393,0.8358089212683307,0.03288490179311606,1.032361275709014,3.2931242373432803,0.049669028354400506,0.029146981526763274,true
0.01,50.0,0.08726646259971647,1.337696432106393,0.8358089212683307,0.03288490179311606,1.032361275709014,3.2931242373432803,0.049669028354400506,-0.029146981526763274,true
0.01,50.0,0.2617993877991494,1.3290013602665813,0.831214967198322,0.031259645379412906,1.0307857637544866,3.144795277810987,0.051842427892954596,-0.08599271575078546,true
0.01,50.0,0.4363323129985824,1.3135164897769624,0.821163133819467,0.028107261721466627,1.027722979911582,2.8552239699112434,0.05676655825802225,-0.13877901390829978,true
0.01,50.0,0.6108652381980153,1.2945062878437978,0.8035723773005036,0.023625303195598177,1.0233526305196696,2.4392052747853348,0.06596578441076932,-0.18562457585990566,true
0.01,50.0,0.7853981633974483,1.2750777192626466,0.7741613213585727,0.01815893169636424,1.0179969859439861,1.924750972815688,0.0829676449732833,-0.22540402746685623,true
0.01,60.0,-0.7853981633974483,1.2878503265841135,0.7928084359355564,0.01854348397884651,1.0183746697341722,1.948176466758433,0.07520189236181442,0.22766192494614063,true
0.01,60.0,-0.6108652381980153,1.306392397297955,0.8198655916119824,0.023939510004047822,1.023659621167956,2.4554251266120843,0.06009447002761614,0.1873289739493027,true
0.01,60.0,-0.4363323129985824,1.3252427281046921,0.8360179247568633,0.028338289068621778,1.0279477506844634,2.8633685890786333,0.05190328353305865,0.14001794453397426,true
0.01,60.0,-0.2617993877991494,1.3406837486768308,0.8452453279620747,0.03143170233006257,1.0309526684867552,3.1473301302410035,0.04749471085321252,0.08674862190340919,true
0.01,60.0,-0.08726646259971647,1.3495377680313896,0.8494528042209393,0.03301165501383459,1.032484048315802,3.291459261893236,0.04556468901010005,0.029404991634205988,true
0.01,60.0,0.08726646259971647,1.3495377680313896,0.8494528042209393,0.03301165501383459,1.032484048315802,3.291459261893236,0.04556468901010005,-0.029404991634205988,true
0.01,60.0,0.2617993877991494,1.340683748676829,0.8452453279620749,0.031431702330062365,1.030952668486755,3.1473301302409817,0.04749471085321266,-0.08674862190340901,true
0.01,60.0,0.4363323129985824,1.3252427281046921,0.8360179247568633,0.028338289068621847,1.0279477506844634,2.8633685890786333,0.05190328353305857,-0.14001794453397423,true
0.01,60.0,0.6108652381980153,1.306392397297955,0.8198655916119824,0.023939510004047822,1.023659621167956,2.4554251266120843,0.06009447002761614,-0.1873289739493027,true
0.01,60.0,0.7853981633974483,1.2878503265841121,0.7928084359355565,0.01854348397884666,1.0183746697341722,1.9481764667584325,0.07520189236181558,-0.2276619249461318,true
0.05,-2.0,-0.7853981633974483,-2.0855875432684936,-0.4441563430835643,-0.021245815059216622,0.9785235663173857,0.6046293468597981,1.68892355834205,-0.36868327620980196,true
0.05,-2.0,-0.6108652381980153,-3.7443409413059023,-0.670352671618206,-0.035867682662010146,0.9634649109679277,0.6617480483186637,2.0676642870286353,-0.5369164339233569,true
0.05,-2.0,-0.4363323129985824,-5.618971293883552,-0.8494291450682445,-0.050011052036034315,0.9486716480847962,0.6847311148905649,2.4478981622967657,-0.5936699712412918,true
0.05,-2.0,-0.2617993877991494,-6.882566216291327,-0.920509338435504,-0.05877764174859497,0.939385286500282,0.6842509761454139,2.7110952489322013,-0.4453348040478933,true
0.05,-2.0,-0.08726646259971647,-7.42045898376977,-0.933553354900731,-0.062445886903792845,0.9354721942225731,0.6794851730947574,2.834786804886566,-0.16168390356046303,true
0.05,-2.0,0.08726646259971647,-7.420458983766756,-0.9335533549003383,-0.06244588690377343,0.9354721942225932,0.679485173094764,2.834786804886043,0.16168390356039725,true
0.05,-2.0,0.2617993877991494,-6.882566216291228,-0.9205093384354902,-0.05877764174859437,0.9393852865002826,0.6842509761454135,2.7110952489321845,0.445334804047887,true
0.05,-2.0,0.4363323129985824,-5.61897129388422,-0.8494291450683543,-0.05001105203603916,0.9486716480847912,0.6847311148905709,2.4478981622968856,0.5936699712413607,true
0.05,-2.0,0.6108652381980153,-3.744340941307439,-0.6703526716185486,-0.035867682662023,0.9634649109679145,0.6617480483186949,2.067664287028955,0.5369164339235709,true
0.05,-2.0,0.7853981633974483,-2.0855875432676685,-0.44415634308327845,-0.02124581505920815,0.9785235663173943,0.6046293468597838,1.68892355834187,0.36868327620961616,true
0.05,-1.0,-0.7853981633974483,-0.6795187732109302,-0.1657776573694746,-0.009267764086764118,0.9906888875065416,0.644104372889715,1.2798070146776108,-0.12012308282885249,true
0.05,-1.0,-0.6108652381980153,-1.0036774928687988,-0.22301722375729863,-0.014548124148563499,0.9853444835248831,0.7192680218018748,1.3928564443396214,-0.14392146895744712,true
0.05,-1.0,-0.4363323129985824,-1.3236055363721193,-0.2694148544598118,-0.019701611270868113,0.9801003915188025,0.7677666557179743,1.4984768638803208,-0.13984496788617692,true
0.05,-1.0,-0.2617993877991494,-1.5760056337112984,-0.29967601627458246,-0.02369323308845907,0.9760192282168505,0.7948359740476306,1.579433582358576,-0.10197506829400217,true
0.05,-1.0,-0.08726646259971647,-1.7132175986942326,-0.3138991674901099,-0.025834360359997782,0.9738230224902298,0.8064708478666904,1.6229965671742121,-0.03732918823576172,true
0.05,-1.0,0.08726646259971647,-1.7132175987685514,-0.3138991675186082,-0.025834360360691352,0.9738230224895537,0.8064708478651285,1.6229965671967708,0.03732918823729947,true
0.05,-1.0,0.2617993877991494,-1.5760056337113284,-0.2996760162745949,-0.023693233088459522,0.97601922821685,0.7948359740476334,1.579433582358585,0.10197506829400416,true
0.05,-1.0,0.4363323129985824,-1.3236055363749804,-0.26941485446118374,-0.019701611270913834,0.9801003915187558,0.7677666557182349,1.4984768638812338,0.1398449678864744,true
0.05,-1.0,0.6108652381980153,-1.003677492444463,-0.2230172234987645,-0.014548124141908599,0.9853444835315845,0.7192680217274213,1.392856444200799,0.1439214689025059,true
0.05,-1.0,0.7853981633974483,-0.6795187732108322,-0.1657776573693905,-0.00926776408676259,0.990688887506543,0.644104372889696,1.2798070146775746,0.12012308282883441,true
0.05,0.1,-0.7853981633974483,0.048659009830946474,0.013501040741081593,0.0008798902565121849,1.000879503436855,0.7145419003536311,0.9762618435460458,0.008601691819975905,true
0.05,0.1,-0.6108652381980153,0.06482181793759283,0.017129989649248965,0.0013688006087098368,1.0013678650782474,0.8313444651333775,0.9684606963439603,0.009295070629561112,true
0.05,0.1,-0.4363323129985824,0.07887613247118924,0.020065399645511933,0.0018555334454395686,1.0018538150877514,0.9234812485577357,0.9617051655937126,0.008333624291417976,true
0.05,0.1,-0.2617993877991494,0.08923041934891979,0.02205892192149982,0.00224867796060221,1.0022461553860813,0.9873246685150198,0.9567464093874503,0.005773632599500005,true
0.05,0.1,-0.08726646259971647,0.09471666193673774,0.023057583656582697,0.002468357383369216,1.0024653183222474,1.0200117862636333,0.9541258900905694,0.0020637757833222026,true
0.05,0.1,0.08726646259971647,0.09471666193673774,0.023057583656582697,0.002468357383369216,1.0024653183222474,1.0200117862636333,0.9541258900905694,-0.0020637757833222026,true
0.05,0.1,0.2617993877991494,0.08923041934891979,0.02205892192149982,0.00224867796060221,1.0022461553860813,0.9873246685150198,0.9567464093874503,-0.005773632599500005,true
0.05,0.1,0.4363323129985824,0.07887613247252882,0.02006539963719072,0.0018555334454279434,1.0018538150877399,0.9234812485502252,0.9617051655930267,-0.00833362429156306,true
0.05,0.1,0.6108652381980153,0.06482181793738441,0.017129989650829,0.001368800608717018,1.0013678650782545,0.8313444651368516,0.9684606963441467,-0.009295070629514068,true
0.05,0.1,0.7853981633974483,0.04865900981274763,0.013501040925560743,0.0008798902560840839,1.0008795034364277,0.7145419002689609,0.9762618435550621,-0.008601691817371014,true
0.05,1.6736842105263159,-0.7853981633974483,0.5644542912895122,0.1787173884977104,0.014027092220047577,1.0139300687774113,0.8475297708290153,0.6852083912302499,0.09978236417888357,true
0.05,1.6736842105263159,-0.6108652381980153,0.6863330406643715,0.21825308797848164,0.021973358800022012,1.0217371078703243,1.0522391068204504,0.608578010843234,0.0984161148964824,true
0.05,1.6736842105263159,-0.4363323129985824,0.777961421668709,0.24774244232165782,0.03006143382850259,1.0296226821752845,1.2375703878827982,0.5508994833855898,0.08219517595984001,true
0.05,1.6736842105263159,-0.2617993877991494,0.8390125534050438,0.2670004773728327,0.03670764698212118,1.0360575726945531,1.3794354786479226,0.513270217615847,0.054288106947002056,true
0.05,1.6736842105263159,-0.08726646259971647,0.8696030229236708,0.27643169503967885,0.04042424181960862,1.0396386312813513,1.4558784876885185,0.4951065031608689,0.018947724398357912,true
0.05,1.6736842105263159,0.08726646259971647,0.8696030229235594,0.2764316950397251,0.04042424181958925,1.0396386312813326,1.4558784876882096,0.49510650316095367,-0.018947724398355004,true
0.05,1.6736842105263159,0.2617993877991494,0.8390125534050438,0.2670004773728327,0.03670764698212118,1.0360575726945531,1.3794354786479226,0.513270217615847,-0.054288106947002056,true
0.05,1.6736842105263159,0.4363323129985824,0.7779614216687124,0.24774244232165618,0.030061433828503077,1.029622682175285,1.2375703878828113,0.5508994833855877,-0.08219517595984037,true
0.05,1.6736842105263159,0.6108652381980153,0.6863330406643715,0.21825308797848164,0.021973358800022012,1.0217371078703243,1.0522391068204504,0.608578010843234,-0.0984161148964824,true
0.05,1.6736842105263159,0.7853981633974483,0.5644542912895665,0.17871738849767096,0.014027092220051435,1.0139300687774153,0.847529770829099,0.6852083912302134,-0.09978236417889313,true
0.05,3.2473684210526317,-0.7853981633974483,0.8201552113885382,0.28928212117163143,0.025604865616643914,1.0252851950686088,0.9833920630812999,0.5110407569889587,0.1449843279539621,true
0.05,3.2473684210526317,-0.6108652381980153,0.9447842994435784,0.34152994001491827,0.03936899837885539,1.0386231254683504,1.2630660482289953,0.4270458358079508,0.13547650286784177,true
0.05,3.2473684210526317,-0.4363323129985824,1.0319690046178946,0.3779979247729203,0.052865367231598424,1.0515373195842492,1.5163244258320094,0.37177092195170636,0.1090322367148988,true
0.05,3.2473684210526317,-0.2617993877991494,1.0884626625481362,0.4006269544100574,0.06350677104798291,1.0616089402501676,1.7060227611755123,0.33935650518958876,0.07042871738774278,true
0.05,3.2473684210526317,-0.08726646259971647,1.1167244684404745,0.41134205706779137,0.06922606201522248,1.0669827195880537,1.8051580166836525,0.324856826410629,0.024332237737096172,true
0.05,3.2473684210526317,0.08726646259971647,1.1167244684404745,0.41134205706779137,0.06922606201522248,1.0669827195880537,1.8051580166836525,0.324856826410629,-0.024332237737096172,true
0.05,3.2473684210526317,0.2617993877991494,1.0884626625481362,0.4006269544100574,0.06350677104798291,1.0616089402501676,1.7060227611755123,0.33935650518958876,-0.07042871738774278,true
0.05,3.2473684210526317,0.4363323129985824,1.0319690046178946,0.3779979247729203,0.052865367231598424,1.0515373195842492,1.5163244258320094,0.37177092195170636,-0.1090322367148988,true
0.05,3.2473684210526317,0.6108652381980153,0.9447842994435784,0.34152994001491827,0.03936899837885539,1.0386231254683504,1.2630660482289953,0.4270458358079508,-0.13547650286784177,true
0.05,3.2473684210526317,0.7853981633974483,0.8201552113885273,0.2892821211716361,0.02560486561664254,1.0252851950686073,0.9833920630812774,0.5110407569889677,-0.14498432795396024,true
0.05,4.821052631578947,-0.7853981633974483,0.963375600384519,0.3678183541518392,0.03499995094951128,1.0344079958575398,1.0974198258717662,0.40733720581910077,0.17030235479063316,true
0.05,4.821052631578947,-0.6108652381980153,1.0753631438509705,0.4234431741903409,0.05285283273934699,1.0515253993504174,1.42915776905801,0.3304657563519024,0.1542007399703758,true
0.05,4.821052631578947,-0.4363323129985824,1.1537217535453486,0.46023602823509896,0.06919811458615424,1.066956526374135,1.7135869862075115,0.2854785282167777,0.12189597050454061,true
0.05,4.821052631578947,-0.2617993877991494,1.2052773888619288,0.48235885383623023,0.08169509738590515,1.078605671580752,1.9211065280705613,0.2602682074875547,0.0779871857393011,true
0.05,4.821052631578947,-0.08726646259971647,1.2313484822118204,0.4926877756621168,0.08842510411831599,1.0848272711451108,2.0297491077067136,0.24898729909517117,0.02682977289507937,true
0.05,4.821052631578947,0.08726646259971647,1.2313484822118204,0.4926877756621168,0.08842510411831599,1.0848272711451108,2.0297491077067136,0.24898729909517117,-0.02682977289507937,true
0.05,4.821052631578947,0.2617993877991494,1.2052773888619288,0.48235885383623023,0.08169509738590515,1.078605671580752,1.9211065280705613,0.2602682074875547,-0.0779871857393011,true
0.05,4.821052631578947,0.4363323129985824,1.153721753545352,0.46023602823509824,0.06919811458615545,1.066956526374136,1.7135869862075273,0.2854785282167755,-0.12189597050454094,true
0.05,4.821052631578947,0.6108652381980153,1.0753631438509705,0.4234431741903409,0.05285283273934699,1.0515253993504174,1.42915776905801,0.3304657563519024,-0.1542007399703758,true
0.05,4.821052631578947,0.7853981633974483,0.9633756003859039,0.36781835415138475,0.034999950949792066,1.0344079958578123,1.0974198258758205,0.4073372058174526,-0.17030235479091588,true
0.05,6.394736842105263,-0.7853981633974483,1.0521352686352872,0.4263599714354567,0.04280836025629947,1.0419293260642999,1.1941417185770724,0.3396789075884227,0.1859929957902809,true
0.05,6.394736842105263,-0.6108652381980153,1.1536212430543098,0.4814916383011443,0.0628526615373541,1.0609926121676776,1.5500479496282564,0.2740155129517328,0.16542249035740586,true
0.05,6.394736842105263,-0.4363323129985824,1.2254308485992778,0.5169886295564639,0.08107879591794355,1.0780341329659826,1.853781398114116,0.23614271179083207,0.1294723637695984,true
0.05,6.394736842105263,-0.2617993877991494,1.27384986931617,0.5379340067629724,0.09472269972803728,1.0906169810960114,2.070993883690488,0.21551076497893634,0.08242415169524474,true
0.05,6.394736842105263,-0.08726646259971647,1.298729846972312,0.5476195312909037,0.10198732503016412,1.0972577865134716,2.183456618469258,0.2063970592264833,0.028297941115984365,true
0.05,6.394736842105263,0.08726646259971647,1.2987298469723052,0.5476195312909049,0.10198732503016006,1.0972577865134678,2.1834566184692057,0.20639705922648785,-0.028297941115984264,true
0.05,6.394736842105263,0.2617993877991494,1.27384986931617,0.5379340067629724,0.09472269972803728,1.0906169810960114,2.070993883690488,0.21551076497893634,-0.08242415169524474,true
0.05,6.394736842105263,0.4363323129985824,1.2254308485992778,0.5169886295564639,0.0810787959179432,1.0780341329659824,1.8537813981141127,0.23614271179083246,-0.12947236376959836,true
0.05,6.394736842105263,0.6108652381980153,1.1536212430543098,0.4814916383011443,0.0628526615373541,1.0609926121676776,1.5500479496282564,0.2740155129517328,-0.16542249035740586,true
0.05,6.394736842105263,0.7853981633974483,1.0521352686352863,0.42635997143545684,0.04280836025629912,1.0419293260642997,1.1941417185770695,0.33967890758842323,-0.18599299579028078,true
0.05,7.968421052631578,-0.7853981633974483,1.1129225127916378,0.47148012385024574,0.04891814896892406,1.0477768359470883,1.26864474154348,0.29458205840004464,0.1967387635053839,true
0.05,7.968421052631578,-0.6108652381980153,1.2058263430937233,0.5251114185887724,0.07073339271707857,1.0683944896124629,1.64442606074938,0.23656031814453818,0.17290839417624604,true
0.05,7.968421052631578,-0.4363323129985824,1.273356002662015,0.5589243616076284,0.09013087403524701,1.0863985217543244,1.9585084837995232,0.20410955026142974,0.13453587510635093,true
0.05,7.968421052631578,-0.2617993877991494,1.3199323103181293,0.5786471703920096,0.10444533234560432,1.0994956410529844,2.180007186853174,0.18669460491037787,0.08540590503117379,true
0.05,7.968421052631578,-0.08726646259971647,1.3441683787761698,0.58771600646126,0.11201228496155856,1.1063564389122944,2.2938754793208407,0.17904857178852507,0.02928799835771709,true
0.05,7.968421052631578,0.08726646259971647,1.3441683787761698,0.58771600646126,0.11201228496155856,1.1063564389122944,2.2938754793208407,0.17904857178852507,-0.02928799835771709,true
0.05,7.968421052631578,0.2617993877991494,1.3199323103181293,0.5786471703920096,0.10444533234560452,1.0994956410529846,2.1800071868531776,0.18669460491037768,-0.08540590503117382,true
0.05,7.968421052631578,0.4363323129985824,1.273356002662015,0.5589243616076284,0.09013087403524701,1.0863985217543244,1.9585084837995232,0.20410955026142974,-0.13453587510635093,true
0.05,7.968421052631578,0.6108652381980153,1.2058263430937233,0.5251114185887724,0.07073339271707857,1.0683944896124629,1.64442606074938,0.23656031814453818,-0.17290839417624604,true
0.05,7.968421052631578,0.7853981633974483,1.1129225127916378,0.47148012385024574,0.04891814896892406,1.0477768359470883,1.26864474154348,0.29458205840004464,-0.1967387635053839,true
0.05,9.542105263157895,-0.7853981633974483,1.1569244380449328,0.5075689904117302,0.05401332360971429,1.0526284469017064,1.3307357299978744,0.26166075103135505,0.20451727897866454,true
0.05,9.542105263157895,-0.6108652381980153,1.2434907244251054,0.5593085202234961,0.07708065607640233,1.0743189992332534,1.719576182332527,0.209931568662284,0.17830924478075144,true
0.05,9.542105263157895,-0.4363323129985824,1.3081863271301455,0.591457737411686,0.09723367423947354,1.0929168991645997,2.039133094960394,0.18157963052867984,0.1382158579000734,true
0.05,9.542105263157895,-0.2617993877991494,1.353631060016087,0.6100721314038022,0.11196520198205065,1.1063138813026137,2.262395036679034,0.16647905940464075,0.08758637462590599,true
0.05,9.542105263157895,-0.08726646259971647,1.3774986369548392,0.6186012535540552,0.11971844656695184,1.1133000014086947,2.376670650624759,0.15986540204415314,0.03001422920875247,true
0.05,9.542105263157895,0.08726646259971647,1.3774986369548392,0.6186012535540552,0.11971844656695184,1.1133000014086947,2.376670650624759,0.15986540204415314,-0.03001422920875247,true
0.05,9.542105263157895,0.2617993877991494,1.3536310600160772,0.6100721314038037,0.11196520198204502,1.1063138813026085,2.2623950366789587,0.16647905940464625,-0.08758637462590513,true
0.05,9.542105263157895,0.4363323129985824,1.3081863271301455,0.591457737411686,0.09723367423947354,1.0929168991645997,2.039133094960394,0.18157963052867984,-0.1382158579000734,true
0.05,9.542105263157895,0.6108652381980153,1.2434907244252513,0.5593085202234702,0.07708065607646719,1.0743189992333138,1.7195761823334317,0.20993156866218732,-0.17830924478077192,true
0.05,9.542105263157895,0.7853981633974483,1.1569244380449328,0.5075689904117302,0.05401332360971429,1.0526284469017064,1.3307357299978744,0.26166075103135505,-0.20451727897866454,true
0.05,11.11578947368421,-0.7853981633974483,1.190344561415785,0.5372129610322344,0.05833070141094966,1.056722008290727,1.383220976229408,0.23657814452622572,0.21042517782090137,true
0.05,11.11578947368421,-0.6108652381980153,1.2722288212009119,0.5870020089942417,0.0822939173472247,1.0791607085471793,1.780570992732949,0.18999982046368746,0.18243011763506334,true
0.05,11.11578947368421,-0.4363323129985824,1.3349743233948204,0.6176240329165766,0.1029572640351458,1.0981413971206935,2.102988071462405,0.16478948275353109,0.14104613200543933,true
0.05,11.11578947368421,-0.2617993877991494,1.3796947054568163,0.635264895820903,0.11795936201123457,1.1117188151793627,2.3267424508958383,0.1514164392431234,0.08927281654538853,true
0.05,11.11578947368421,-0.08726646259971647,1.4033478341597443,0.6433286037583947,0.12583022186101,1.1187763153071981,2.4409173205706827,0.1455658274765875,0.030577455617595884,true
0.05,11.11578947368421,0.08726646259971647,1.4033478341597652,0.6433286037583921,0.12583022186101833,1.1187763153072054,2.4409173205708234,0.14556582747657898,-0.030577455617598163,true
0.05,11.11578947368421,0.2617993877991494,1.3796947054568163,0.635264895820903,0.11795936201123457,1.1117188151793627,2.3267424508958383,0.1514164392431234,-0.08927281654538853,true
0.05,11.11578947368421,0.4363323129985824,1.3349743233948195,0.6176240329165767,0.10295726403514517,1.098141397120693,2.1029880714623985,0.16478948275353159,-0.14104613200543928,true
0.05,11.11578947368421,0.6108652381980153,1.272228821201006,0.5870020089942264,0.08229391734726951,1.0791607085472206,1.780570992733577,0.1899998204635914,-0.18243011763507921,true
0.05,11.11578947368421,0.7853981633974483,1.190344561415785,0.5372129610322344,0.05833070141094966,1.056722008290727,1.383220976229408,0.23657814452622572,-0.21042517782090137,true
0.05,12.689473684210526,-0.7853981633974483,1.216704273667415,0.5620891458131119,0.06203451925589754,1.060221221478414,1.4280737653789113,0.21683034509252455,0.21508496053818207,true
0.05,12.689473684210526,-0.6108652381980153,1.29507635402697,0.6100029133005112,0.08664957234368591,1.0831893392945404,1.8309391068226468,0.17448254758609028,0.18570631977106342,true
0.05,12.689473684210526,-0.4363323129985824,1.3564358640987613,0.6392535086578863,0.10766660354415156,1.102421519695996,2.1546910207048438,0.15173746540556607,0.143313641755795,true
0.05,12.689473684210526,-0.2617993877991494,1.4006682767856917,0.656044654375908,0.12285427506304068,1.1161131439560008,2.3783415294309838,0.13969202713672738,0.09062990619735806,true
0.05,12.689473684210526,-0.08726646259971647,1.4241893831034589,0.6637069893630271,0.13080586074696973,1.1232149044093336,2.492231357514168,0.1344230391467674,0.031031570819611266,true
0.05,12.689473684210526,0.08726646259971647,1.4241893831034589,0.6637069893630271,0.13080586074696973,1.1232149044093336,2.492231357514168,0.1344230391467674,-0.031031570819611266,true
0.05,12.689473684210526,0.2617993877991494,1.4006682767857197,0.6560446543759045,0.12285427506305538,1.116113143956014,2.3783415294312182,0.13969202713671425,-0.09062990619736733,true
0.05,12.689473684210526,0.4363323129985824,1.356435864098751,0.6392535086578877,0.10766660354414587,1.102421519695991,2.154691020704766,0.151737465405571,-0.14331364175579353,true
0.05,12.689473684210526,0.6108652381980153,1.295076354026987,0.6100029133005086,0.08664957234369476,1.0831893392945486,1.8309391068227705,0.17448254758607767,-0.18570631977106683,true
0.05,12.689473684210526,0.7853981633974483,1.216704273667415,0.5620891458131119,0.06203451925589754,1.060221221478414,1.4280737653789113,0.21683034509252455,-0.21508496053818207,true
0.05,14.263157894736842,-0.7853981633974483,1.2381377052511053,0.5833305804785266,0.065242342280828,1.063242533274069,1.4667212651447166,0.2008764576075646,0.21887389184176032,true
0.05,14.263157894736842,-0.6108652381980153,1.31381253035932,0.6294947763028208,0.09034408975806328,1.0865947632472148,1.873187176529668,0.16202337663958782,0.18839297729834611,true
0.05,14.263157894736842,-0.4363323129985824,1.3741545024835164,0.6575207796618839,0.11161292381176813,1.1059954102980765,2.1973868901034517,0.14125486161084086,0.14518569623517857,true
0.05,14.263157894736842,-0.2617993877991494,1.418047148576365,0.6735672584995845,0.12693183330494803,1.1197605398504242,2.4206252300459203,0.1302596582019152,0.09175440205328836,true
0.05,14.263157894736842,-0.08726646259971647,1.4414826948590496,0.680881012389667,0.13494273600711318,1.1268919522352296,2.534177019599523,0.12544689688763758,0.03140837370055866,true
0.05,14.263157894736842,0.08726646259971647,1.4414826948590436,0.6808810123896677,0.1349427360071112,1.1268919522352279,2.5341770195994875,0.1254468968876398,-0.03140837370055773,true
0.05,14.263157894736842,0.2617993877991494,1.418047148576357,0.6735672584995854,0.12693183330494373,1.1197605398504205,2.420625230045852,0.1302596582019189,-0.09175440205328543,true
0.05,14.263157894736842,0.4363323129985824,1.3741545024835164,0.6575207796618839,0.11161292381176813,1.1059954102980765,2.1973868901034517,0.14125486161084086,-0.14518569623517857,true
0.05,14.263157894736842,0.6108652381980153,1.3138125303593193,0.6294947763028209,0.09034408975806262,1.0865947632472142,1.8731871765296593,0.16202337663958835,-0.18839297729834598,true
0.05,14.263157894736842,0.7853981633974483,1.2381377052511053,0.5833305804785266,0.065242342280828,1.063242533274069,1.4667212651447166,0.2008764576075646,-0.21887389184176032,true
0.05,15.836842105263157,-0.7853981633974483,1.2559685206892037,0.6017368891829764,0.0680547819519432,1.065884404526059,1.5004464552939474,0.18768714567918385,0.22202596466727684,true
0.05,15.836842105263157,-0.6108652381980153,1.3295572165138294,0.646284001759905,0.09351588059998864,1.0895098720036704,1.9090645149294712,0.15177443144659983,0.19065067259420573,true
0.05,15.836842105263157,-0.4363323129985824,1.3891221009756398,0.6732164355380924,0.11497243881547087,1.1090287992759797,2.2332535294461584,0.13261659919655072,0.14676709151400985,true
0.05,15.836842105263157,-0.2617993877991494,1.4327769015148137,0.6886053016482993,0.13038318028796297,1.1228385282732407,2.455878274272424,0.12247519933665747,0.09270748726511649,true
0.05,15.836842105263157,-0.08726646259971647,1.4561547665125616,0.695613596893374,0.13843982902758384,1.129990999103567,2.569089581694688,0.11802940740533457,0.03172806253516693,true
0.05,15.836842105263157,0.08726646259971647,1.4561547665125616,0.695613596893374,0.13843982902758384,1.129990999103567,2.569089581694688,0.11802940740533457,-0.03172806253516693,true
0.05,15.836842105263157,0.2617993877991494,1.432776901514825,0.688605301648298,0.13038318028796922,1.1228385282732463,2.4558782742725165,0.1224751993366524,-0.09270748726512042,true
0.05,15.836842105263157,0.4363323129985824,1.3891221009756398,0.6732164355380924,0.11497243881547087,1.1090287992759797,2.2332535294461584,0.13261659919655072,-0.14676709151400985,true
0.05,15.836842105263157,0.6108652381980153,1.3295572165138294,0.646284001759905,0.09351588059998864,1.0895098720036704,1.9090645149294712,0.15177443144659983,-0.19065067259420573,true
0.05,15.836842105263157,0.7853981633974483,1.2559685206892037,0.6017368891829764,0.0680547819519432,1.065884404526059,1.5004464552939474,0.18768714567918385,-0.22202596466727684,true
0.05,17.410526315789475,-0.7853981633974483,1.2711273830783354,0.6178766423648603,0.07053004740138107,1.068204144761531,1.5299367648485696,0.17660992904842726,0.22470569756825776,true
0.05,17.410526315789475,-0.6108652381980153,1.3430325625312975,0.6609429322127388,0.0962747082286676,1.0920391093991206,1.9399685065819825,0.14316690664646595,0.19258295777460033,true
0.05,17.410526315789475,-0.4363323129985824,1.4019900884710146,0.6868944180002995,0.11787441411012287,1.1116424012324708,2.263873751278643,0.1253471076701629,0.14812665327738098,true
0.05,17.410526315789475,-0.2617993877991494,1.4454675978803164,0.7016991764668422,0.1333559467771539,1.125482960134919,2.4858623109816276,0.11591006797355285,0.09352863578217065,true
0.05,17.410526315789475,-0.08726646259971647,1.46899921996159,0.7084180697633475,0.14131918175287014,1.132536252642308,2.597000676897682,0.11184917219025031,0.03200792777054267,true
0.05,17.410526315789475,0.08726646259971647,1.46899921996159,0.7084180697633475,0.14131918175287014,1.132536252642308,2.597000676897682,0.11184917219025031,-0.03200792777054267,true
0.05,17.410526315789475,0.2617993877991494,1.4454675978803164,0.7016991764668422,0.1333559467771539,1.125482960134919,2.4858623109816276,0.11591006797355285,-0.09352863578217065,true
0.05,17.410526315789475,0.4363323129985824,1.4019900884710186,0.686894418000299,0.11787441411012559,1.1116424012324733,2.2638737512786866,0.12534710767016052,-0.1481266532773838,true
0.05,17.410526315789475,0.6108652381980153,1.3430325625312993,0.6609429322127386,0.09627470822866863,1.0920391093991215,1.9399685065819967,0.14316690664646492,-0.19258295777460083,true
0.05,17.410526315789475,0.7853981633974483,1.2711273830783658,0.6178766423648557,0.07053004740139512,1.068204144761544,1.5299367648487647,0.17660992904841522,-0.22470569756826306,true
0.05,18.984210526315792,-0.7853981633974483,1.2842249654219915,0.6321766619677215,0.07272546291339436,1.0702574110402017,1.5559234011186163,0.1671614315534063,0.2270210451208521,true
0.05,18.984210526315792,-0.6108652381980153,1.3547444343426929,0.6738871606969313,0.0986983043315001,1.0942561896751342,1.96687014540183,0.13581780985334005,0.19426237054698584,true
0.05,18.984210526315792,-0.4363323129985824,1.4132483860821743,0.698950945948343,0.1203916818721572,1.113904557735326,2.290083328196425,0.11914112405275849,0.14931614391026635,true
0.05,18.984210526315792,-0.2617993877991494,1.4568256787633076,0.7132101708848877,0.13577867001543897,1.1276335131757427,2.509403927696137,0.11039183461372869,0.09426355599778898,true
0.05,18.984210526315792,-0.08726646259971647,1.4803812091777888,0.7196850340699563,0.14372997870394907,1.134662926804922,2.619726742554393,0.10659443245737094,0.032255930529462684,true
0.05,18.984210526315792,0.08726646259971647,1.4803812091779482,0.7196850340699412,0.1437299787039524,1.1346629268049253,2.619726742554221,0.10659443245739048,-0.032255930529465925,true
0.05,18.984210526315792,0.2617993877991494,1.4568256787633076,0.7132101708848877,0.13577867001543897,1.1276335131757427,2.509403927696137,0.11039183461372869,-0.09426355599778898,true
0.05,18.984210526315792,0.4363323129985824,1.4132483860821743,0.698950945948343,0.1203916818721572,1.113904557735326,2.290083328196425,0.11914112405275849,-0.14931614391026635,true
0.05,18.984210526315792,0.6108652381980153,1.3547444343426929,0.6738871606969313,0.0986983043315001,1.0942561896751342,1.96687014540183,0.13581780985334005,-0.19426237054698584,true
0.05,18.984210526315792,0.7853981633974483,1.284224965421993,0.6321766619677213,0.07272546291339406,1.0702574110402012,1.555923401118613,0.16716143155341087,-0.2270210451208522,true
0.05,20.55789473684211,-0.7853981633974483,1.295659274272203,0.6449650701853566,0.07469816970214968,1.0720990343421661,1.5791715363252996,0.15897424987078326,0.22904236459731958,true
0.05,20.55789473684211,-0.6108652381980153,1.365065252234032,0.6854259690068001,0.10084082579504798,1.096212411706942,1.9904283008851023,0.12946156316946866,0.19574231514390558,true
0.05,20.55789473684211,-0.4363323129985824,1.4232503451169192,0.7096808936191136,0.1225788385809325,1.1158663348096545,2.312503821068962,0.11378077062378589,0.15037289660575226,true
0.05,20.55789473684211,-0.2617993877991494,1.466939451058221,0.7234504239063084,0.1378707733113756,1.1294872937198948,2.5293531507687845,0.10561055111273722,0.09491796528983458,true
0.05,20.55789473684211,-0.08726646259971647,1.4905090972792303,0.7297076398231397,0.14581691914244002,1.1365006987395654,2.6390461531154537,0.10203073346967549,0.03247660703711774,true
0.05,20.55789473684211,0.08726646259971647,1.4905090972792303,0.7297076398231397,0.14581691914244002,1.1365006987395654,2.6390461531154537,0.10203073346967549,-0.03247660703711774,true
0.05,20.55789473684211,0.2617993877991494,1.466939451058221,0.7234504239063084,0.1378707733113756,1.1294872937198948,2.5293531507687845,0.10561055111273722,-0.09491796528983458,true
0.05,20.55789473684211,0.4363323129985824,1.42325034511692,0.7096808936191135,0.12257883858093149,1.1158663348096538,2.3125038210689453,0.11378077062378707,-0.15037289660575043,true
0.05,20.55789473684211,0.6108652381980153,1.3650652522340254,0.6854259690068009,0.1008408257950422,1.096212411706937,1.990428300885014,0.1294615631694742,-0.1957423151439001,true
0.05,20.55789473684211,0.7853981633974483,1.2956592742721884,0.6449650701853586,0.07469816970214098,1.072099034342158,1.5791715363251824,0.15897424987079858,-0.2290423645973165,true
0.05,22.13157894736842,-0.7853981633974483,1.3057921586537735,0.6564849046137153,0.07646913126832992,1.073749627498879,1.599902209104158,0.1518229390504832,0.230833622476173,true
0.05,22.13157894736842,-0.6108652381980153,1.3742516743000714,0.6957977525079593,0.1027520683156052,1.0979545239336996,2.0112657932309457,0.12389605249385262,0.197059594084008,true
0.05,22.13157894736842,-0.4363323129985824,1.432418770254437,0.7192930983754218,0.12438961959026464,1.117487914556751,2.3303743226634532,0.10916995108928548,0.15134158262943703,true
0.05,22.13157894736842,-0.2617993877991494,1.4760229309674808,0.7326399125516034,0.13970014022642038,1.1311057777456341,2.5465041588903157,0.10141354490552534,0.09550571103782086,true
0.05,22.13157894736842,-0.08726646259971647,1.4995623625860073,0.7387045543009453,0.14766993996787045,1.1381299924650314,2.656024450623114,0.09800403985138438,0.03267386869967849,true
0.05,22.13157894736842,0.08726646259971647,1.4995623625869576,0.7387045543008625,0.14766993996805375,1.1381299924651926,2.65602445062372,0.09800403985148563,-0.03267386869965516,true
0.05,22.13157894736842,0.2617993877991494,1.476022930967389,0.7326399125516118,0.1397001402263676,1.1311057777455875,2.5465041588895865,0.10141354490556181,-0.09550571103779244,true
0.05,22.13157894736842,0.4363323129985824,1.432418770254437,0.7192930983754218,0.12438961959026512,1.1174879145567513,2.3303743226634617,0.10916995108928504,-0.15134158262943764,true
0.05,22.13157894736842,0.6108652381980153,1.3742516743000734,0.695797752507959,0.1027520683156103,1.0979545239337043,2.0112657932310283,0.1238960524938479,-0.19705959408401477,true
0.05,22.13157894736842,0.7853981633974483,1.3057921586537813,0.6564849046137143,0.07646913126833402,1.0737496274988827,1.599902209104213,0.15182293905047708,-0.23083362247617462,true
0.05,23.705263157894738,-0.7853981633974483,1.314859147297495,0.6669325259537482,0.07806800791439113,1.0752376555151626,1.618495569102843,0.14551431290277966,0.23243645479145836,true
0.05,23.705263157894738,-0.6108652381980153,1.3825364885533329,0.7051837679976102,0.10445336705286448,1.099502948656098,2.0296064660819915,0.11898824864849428,0.19824758775398146,true
0.05,23.705263157894738,-0.4363323129985824,1.4406771781321128,0.7279897708349695,0.1260094615763696,1.1189365143535086,2.346205743421006,0.10507390060565365,0.15221412003193352,true
0.05,23.705263157894738,-0.2617993877991494,1.4842100888525487,0.7409512379954944,0.14133602787916624,1.1325511271932982,2.56168957995349,0.09767845802309527,0.0960354597089282,true
0.05,23.705263157894738,-0.08726646259971647,1.507765565333361,0.7468369648065398,0.14930069839425114,1.1395619320180816,2.670708799957908,0.09443173699859769,0.032852606897886404,true
0.05,23.705263157894738,0.08726646259971647,1.507765565333361,0.7468369648065398,0.14930069839425114,1.1395619320180816,2.670708799957908,0.09443173699859769,-0.032852606897886404,true
0.05,23.705263157894738,0.2617993877991494,1.4842100888509417,0.7409512379956347,0.14133602787865512,1.1325511271928508,2.561689579948035,0.09767845802334119,-0.09603545970874466,true
0.05,23.705263157894738,0.4363323129985824,1.440677178132093,0.7279897708349714,0.1260094615763553,1.118936514353496,2.3462057434207924,0.1050739006056636,-0.15221412003192267,true
0.05,23.705263157894738,0.6108652381980153,1.3825364885533329,0.7051837679976102,0.10445336705286448,1.099502948656098,2.0296064660819915,0.11898824864849428,-0.19824758775398146,true
0.05,23.705263157894738,0.7853981633974483,1.3148591472974802,0.6669325259537501,0.07806800791438305,1.075237655515155,1.6184955691027343,0.14551431290279032,-0.2324364547914552,true
0.05,25.278947368421054,-0.7853981633974483,1.3229861432133436,0.6764710466749306,0.07953677120574361,1.0766027783802918,1.6355383080198866,0.13987414194211897,0.23387311828367544,true
0.05,25.278947368421054,-0.6108652381980153,1.3902961114766788,0.7137077170066363,0.10587452143717828,1.1007947323971343,2.0443516772386503,0.11471456274082609,0.19936027205517923,true
0.05,25.278947368421054,-0.4363323129985824,1.4481784302947291,0.735907642778649,0.12746391422313308,1.1202356129247935,2.3602724141778086,0.10140734583716261,0.1530066605712537,true
0.05,25.278947368421054,-0.2617993877991494,1.4916647612170553,0.7485148507324814,0.14279552236953907,1.1338390735653232,2.5750545545244705,0.09433431240625054,0.09651781224181924,true
0.05,25.278947368421054,-0.08726646259971647,1.5152312147036753,0.7542374325560839,0.15075800395397326,1.1408400448443954,2.683661281175005,0.09122886289272582,0.0330152754738282,true
0.05,25.278947368421054,0.08726646259971647,1.5152312147036384,0.7542374325560869,0.15075800395395791,1.1408400448443816,2.6836612811748526,0.09122886289272529,-0.03301527547382778,true
0.05,25.278947368421054,0.2617993877991494,1.4916647612170553,0.7485148507324814,0.14279552236953907,1.1338390735653232,2.5750545545244705,0.09433431240625054,-0.09651781224181924,true
0.05,25.278947368421054,0.4363323129985824,1.4481784302947498,0.7359076427786471,0.12746391422314907,1.1202356129248077,2.3602724141780524,0.10140734583715025,-0.15300666057127035,true
0.05,25.278947368421054,0.6108652381980153,1.3902961114766819,0.7137077170066359,0.10587452143718123,1.100794732397137,2.044351677238693,0.1147145627408239,-0.19936027205518142,true
0.05,25.278947368421054,0.7853981633974483,1.3229861432133334,0.6764710466749319,0.07953677120573777,1.0766027783802865,1.6355383080198076,0.1398741419421262,-0.233873118283673,true
0.05,26.85263157894737,-0.7853981633974483,1.3303924667668332,0.6852168625352006,0.08086898227131505,1.077839489236092,1.6508721216716693,0.13482891603897731,0.23518238289069163,true
0.05,26.85263157894737,-0.6108652381980153,1.3973725425376797,0.7215173412567104,0.10716434993902907,1.1019658342605567,2.057628516358512,0.11086531768852806,0.2003749906462065,true
0.05,26.85263157894737,-0.4363323129985824,1.4550590212781411,0.7431549698029399,0.1287650636636394,1.1213965076345498,2.372676197221809,0.0981089001007435,0.15373362710316282,true
0.05,26.85263157894737,-0.2617993877991494,1.4985091413686455,0.755436019930308,0.1440973839375058,1.1349866820373327,2.586782747828584,0.0913221909946195,0.09696067917707024,true
0.05,26.85263157894737,-0.08726646259971647,1.5220566213958797,0.7610110882368242,0.15207577447541276,1.1419945485756826,2.695258444643688,0.08833271195404985,0.033163993815053236,true
0.05,26.85263157894737,0.08726646259971647,1.5220566213958797,0.7610110882368242,0.15207577447541276,1.1419945485756826,2.695258444643688,0.08833271195404985,-0.033163993815053236,true
0.05,26.85263157894737,0.2617993877991494,1.4985091413594744,0.7554360199310564,0.14409738393341587,1.1349866820337122,2.5867827477851035,0.09132219099565582,-0.09696067917626873,true
0.05,26.85263157894737,0.4363323129985824,1.4550590212781411,0.7431549698029399,0.1287650636636394,1.1213965076345498,2.372676197221809,0.0981089001007435,-0.15373362710316282,true
0.05,26.85263157894737,0.6108652381980153,1.3973725425376786,0.7215173412567105,0.1071643499390275,1.1019658342605554,2.0576285163584904,0.11086531768852914,-0.20037499064620515,true
0.05,26.85263157894737,0.7853981633974483,1.3303924667666915,0.6852168625352174,0.08086898227122598,1.0778394892360095,1.650872121670445,0.1348289160390741,-0.23518238289065446,true
0.05,28.426315789473687,-0.7853981633974483,1.3372976583401772,0.693261173507376,0.08204567854938151,1.0789306544735147,1.6641572537856062,0.13033450653102013,0.2364030595798492,true
0.05,28.426315789473687,-0.6108652381980153,1.403848947477586,0.7287090022704175,0.10834716288792678,1.1030386782760389,2.0697389688902352,0.10737033948747043,0.2013036712400193,true
0.05,28.426315789473687,-0.4363323129985824,1.4613792548095519,0.749824100855557,0.1299490510503822,1.1224518261763234,2.383864347165875,0.09511294839177245,0.1544013882669064,true
0.05,28.426315789473687,-0.2617993877991494,1.5047860389985641,0.7618046328019837,0.14528870820283146,1.1360358341266317,2.5974495204034067,0.0885788368752565,0.0973668213733808,true
0.05,28.426315789473687,-0.08726646259971647,1.5283590405771752,0.7672400898132432,0.1532562242692431,1.143027754946116,2.7054717265226635,0.08570564150749134,0.03330131682300566,true
0.05,28.426315789473687,0.08726646259971647,1.5283590405771752,0.7672400898132432,0.1532562242692431,1.143027754946116,2.7054717265226635,0.08570564150749134,-0.03330131682300566,true
0.05,28.426315789473687,0.2617993877991494,1.5047860389985444,0.7618046328019853,0.14528870820282172,1.136035834126623,2.5974495204033157,0.08857883687525528,-0.09736682137338075,true
0.05,28.426315789473687,0.4363323129985824,1.461379254809513,0.7498241008555603,0.12994905105034632,1.1224518261762915,2.383864347165355,0.09511294839180068,-0.15440138826686917,true
0.05,28.426315789473687,0.6108652381980153,1.4038489474777112,0.7287090022704054,0.10834716288794771,1.1030386782760577,2.069738968890526,0.10737033948746638,-0.20130367124003304,true
0.05,28.426315789473687,0.7853981633974483,1.3372976583401772,0.693261173507376,0.08204567854938151,1.0789306544735147,1.6641572537856062,0.13033450653102013,-0.2364030595798492,true
0.05,30.0,-0.7853981633974483,1.3437587104860513,0.7006942799871619,0.08309161093873937,1.079899635041903,1.67574254322922,0.126296904624236,0.2375452242080919,true
0.05,30.0,-0.6108652381980153,1.4098446958139348,0.7353569515498571,0.10942002877325986,1.104010895574241,2.080596136377517,0.10419268336480399,0.20216342533441042,true
0.05,30.0,-0.4363323129985824,1.467200401286051,0.7559895759240018,0.13103841013984457,1.1234219244278272,2.3941023236149874,0.09237222063225767,0.1550164193834022,true
0.05,30.0,-0.2617993877991494,1.5105928679528335,0.7676892486172382,0.1463715985374271,1.1369886530192035,2.60703393650303,0.08607289378076402,0.09774255085276388,true
0.05,30.0,-0.08726646259971647,1.5342059268136574,0.7729941889544827,0.1543190967184409,1.143957251592298,2.714513138944141,0.0833084882927569,0.03342871426592648,true
0.05,30.0,0.08726646259971647,1.5342059268136574,0.7729941889544827,0.1543190967184409,1.143957251592298,2.714513138944141,0.0833084882927569,-0.03342871426592648,true
0.05,30.0,0.2617993877991494,1.5105928679528335,0.7676892486172382,0.1463715985374271,1.1369886530192035,2.60703393650303,0.08607289378076402,-0.09774255085276388,true
0.05,30.0,0.4363323129985824,1.467200401286051,0.7559895759240018,0.13103841013984457,1.1234219244278272,2.3941023236149874,0.09237222063225767,-0.1550164193834022,true
0.05,30.0,0.6108652381980153,1.4098446958139348,0.7353569515498571,0.10942002877325986,1.104010895574241,2.080596136377517,0.10419268336480399,-0.20216342533441042,true
0.05,30.0,0.7853981633974483,1.3437587104860513,0.7006942799871619,0.08309161093873937,1.079899635041903,1.67574254322922,0.126296904624236,-0.2375452242080919,true
0.05,40.0,-0.7853981633974483,1.3756030577324896,0.7377402949619891,0.08815409555327573,1.084577425131539,1.7306225263346076,0.10715543841433131,0.24317456228479703,true
0.05,40.0,-0.6108652381980153,1.4395800900537128,0.7684080813580569,0.11455620112531407,1.1086534184546633,2.13121370716951,0.08901453357208357,0.20642730302656398,true
0.05,40.0,-0.4363323129985824,1.4962857973273236,0.7865964844092094,0.1361542315024048,1.127966516798911,2.4404444229456033,0.07925165870048513,0.15808942556516606,true
0.05,40.0,-0.2617993877991494,1.5396537202423854,0.796886984424306,0.15142837454760122,1.141427505020583,2.6499642940474906,0.07403575601004408,0.0996229263696859,true
0.05,40.0,-0.08726646259971647,1.563320601977094,0.8015505937214863,0.15936545116594883,1.1483600927712105,2.756013502646104,0.07173196135643026,0.034063092025062386,true
0.05,40.0,0.08726646259971647,1.5633206019776102,0.8015505937214535,0.15936545116618892,1.1483600927714208,2.7560135026486527,0.0717319613564063,-0.034063092025073,true
0.05,40.0,0.2617993877991494,1.5396537202423854,0.796886984424306,0.15142837454760122,1.141427505020583,2.6499642940474906,0.07403575601004408,-0.0996229263696859,true
0.05,40.0,0.4363323129985824,1.4962857973273374,0.7865964844092084,0.13615423150241357,1.1279665167989188,2.44044442294569,0.07925165870048537,-0.15808942556516462,true
0.05,40.0,0.6108652381980153,1.4395800900536961,0.7684080813580583,0.11455620112530139,1.108653418454652,2.1312137071693202,0.08901453357209338,-0.20642730302654425,true
0.05,40.0,0.7853981633974483,1.375603057732491,0.737740294961989,0.08815409555327176,1.0845774251315352,1.730622526334548,0.10715543841433531,-0.24317456228479226,true
0.05,50.0,-0.7853981633974483,1.397538126239625,0.7635649665350226,0.0915309187937411,1.087686461056314,1.766054923686759,0.09466569349851546,0.24705217397347817,true
0.05,50.0,-0.6108652381980153,1.460257377072191,0.791375560510453,0.11791969053464364,1.1116831297772563,2.1629884224678144,0.07900880762423491,0.20939230357630378,true
0.05,50.0,-0.4363323129985824,1.5166796062661025,0.8078297257549364,0.1394282210439798,1.1308653510264364,2.4684392332241485,0.07055689898713484,0.16024412454763,true
0.05,50.0,-0.2617993877991494,1.5600947331190669,0.8171282145643453,0.1546270222330969,1.1442263956204568,2.6753171551005543,0.06602603327318071,0.10094555729065255,true
0.05,50.0,-0.08726646259971647,1.5838666929633511,0.8213388665473794,0.16251719752569832,1.1511013834169128,2.779954083264901,0.06402309682258348,0.03451076952632716,true
0.05,50.0,0.08726646259971647,1.5838666929633156,0.8213388665473814,0.16251719752568208,1.1511013834168986,2.779954083264735,0.06402309682258776,-0.034510769526326174,true
0.05,50.0,0.2617993877991494,1.5600947331190573,0.8171282145643458,0.15462702223309302,1.1442263956204535,2.675317155100511,0.06602603327318288,-0.10094555729065131,true
0.05,50.0,0.4363323129985824,1.5166796062661025,0.8078297257549364,0.1394282210439798,1.1308653510264364,2.4684392332241485,0.07055689898713484,-0.16024412454763,true
0.05,50.0,0.6108652381980153,1.4602573770721166,0.7913755605104583,0.11791969053462437,1.111683129777239,2.162988422467622,0.07900880762423518,-0.2093923035763036,true
0.05,50.0,0.7853981633974483,1.3975381262398585,0.7635649665350028,0.09153091879377484,1.087686461056345,1.7660549236872305,0.09466569349851493,-0.24705217397350335,true
0.05,60.0,-0.7853981633974483,1.413907559735488,0.7829049701370782,0.09396669300880499,1.089923568887077,1.7909336040262802,0.08571471730901103,0.24994590637649733,true
0.05,60.0,-0.6108652381980153,1.4758449692726638,0.8085390431577999,0.12028885947912864,1.1138122458294968,2.1844620207279903,0.07179599956564359,0.2116274744083538,true
0.05,60.0,-0.4363323129985824,1.5321482635359502,0.8236810219570875,0.14168486945136696,1.1328590993945302,2.486612114563202,0.0642638497789917,0.1618784587287967,true
0.05,60.0,-0.2617993877991494,1.5756044941142553,0.8322339025530362,0.15682091768390283,1.1461421531422273,2.691544597017904,0.0602069167267391,0.10194911271816279,true
0.05,60.0,-0.08726646259971647,1.599526575364661,0.8361011603844545,0.16463663080219748,1.1529411349453798,2.7946770308972715,0.05842361182701889,0.03485198178309477,true
0.05,60.0,0.08726646259971647,1.599526575364661,0.8361011603844545,0.16463663080219748,1.1529411349453798,2.7946770308972715,0.05842361182701889,-0.03485198178309477,true
0.05,60.0,0.2617993877991494,1.5756044941142178,0.8322339025530382,0.15682091768388498,1.1461421531422118,2.6915445970177143,0.06020691672674336,-0.10194911271815917,true
0.05,60.0,0.4363323129985824,1.5321482635361008,0.8236810219570788,0.141684869451449,1.132859099394603,2.4866121145640885,0.06426384977898718,-0.1618784587288037,true
0.05,60.0,0.6108652381980153,1.4758449692726638,0.8085390431577999,0.12028885947912864,1.1138122458294968,2.1844620207279903,0.07179599956564359,-0.2116274744083538,true
0.05,60.0,0.7853981633974483,1.4139075597355257,0.7829049701370753,0.09396669300881051,1.089923568887082,1.7909336040263628,0.08571471730900969,-0.24994590637650552,true
0.1,-2.0,-0.7853981633974483,-2.0309533551598102,-0.4251152076796492,-0.04186200557352548,0.9572230612513397,0.6058559037954053,1.6632810091016765,-0.3590252247788491,true
0.1,-2.0,-0.4363323129985824,-5.262533118439235,-0.7898090992464288,-0.0954873608695069,0.899458324922911,0.685636183677069,2.3658581068188216,-0.5560106496524706,true
0.1,-2.0,-0.2617993877991494,-6.433269343059593,-0.8567656422740686,-0.11182009921455853,0.8811128193286508,0.6862073050124067,2.6136385545978156,-0.4162631573228125,true
0.1,-2.0,-0.08726646259971647,-6.951417708318762,-0.8714467278341482,-0.1188251066366485,0.8731264442299499,0.682134577385448,2.7330754948987965,-0.1514639934642143,true
0.1,-2.0,0.08726646259971647,-6.951417708318762,-0.8714467278341482,-0.1188251066366485,0.8731264442299499,0.682134577385448,2.7330754948987965,0.1514639934642143,true
0.1,-2.0,0.2617993877991494,-6.433269343059593,-0.8567656422740686,-0.11182009921455853,0.8811128193286508,0.6862073050124067,2.6136385545978156,0.4162631573228125,true
0.1,-2.0,0.4363323129985824,-5.26253311843899,-0.789809099246387,-0.09548736086950327,0.8994583249229149,0.6856361836770666,2.3658581068187785,0.556010649652445,true
0.1,-2.0,0.7853981633974483,-2.030953355158638,-0.42511520767923794,-0.04186200557349991,0.9572230612513662,0.6058559037953567,1.6632810091013848,0.35902522477863624,true
0.1,-1.0,-0.7853981633974483,-0.67283670002542,-0.16003163752151153,-0.018482092699019365,0.9813438820033634,0.6457521974958937,1.2702491071732156,-0.11894185247072285,true
0.1,-1.0,-0.6108652381980153,-0.9881851487633428,-0.21354152581108227,-0.028923616323322885,0.9706455403483341,0.721715970757637,1.3773770377804442,-0.14169995279890837,true
0.1,-1.0,-0.4363323129985824,-1.2963243759546517,-0.25626462957565754,-0.039043204104151276,0.9601633151416867,0.7709059076056711,1.4769149040155618,-0.13696258860687963,true
0.1,-1.0,-0.2617993877991494,-1.5377459143839043,-0.2838033742336487,-0.0468369609324824,0.9520115953925431,0.7984932068594164,1.5529986036543906,-0.09949948141983767,true
0.1,-1.0,-0.08726646259971647,-1.6685358526252185,-0.29665233207728486,-0.05100377960040668,0.9476246310253608,0.8104100172004062,1.5939069693267591,-0.03635561969025276,true
0.1,-1.0,0.08726646259971647,-1.668535852685364,-0.29665233210065506,-0.051003779602415505,0.9476246310232764,0.8104100172051891,1.5939069693446501,0.03635561969155966,true
0.1,-1.0,0.2617993877991494,-1.5377459143084573,-0.28380337420215496,-0.04683696093009992,0.952011595394944,0.7984932068510988,1.5529986036319667,0.09949948141484163,true
0.1,-1.0,0.4363323129985824,-1.2963243759552658,-0.25626462957595525,-0.039043204104171864,0.9601633151416654,0.7709059076057087,1.4769149040157263,0.1369625886069445,true
0.1,-1.0,0.6108652381980153,-0.9881851487944298,-0.2135415258301704,-0.02892361632474383,0.9706455403469917,0.7217159707647127,1.3773770377906969,0.14169995280098904,true
0.1,-1.0,0.7853981633974483,-0.6728367000214852,-0.16003163751811955,-0.018482092698931807,0.9813438820034516,0.6457521974965591,1.2702491071717372,0.11894185246993531,true
0.1,0.1,-0.7853981633974483,0.04871207859212724,0.01296323683332619,0.001760473920307445,1.0017589272362768,0.7142815843964626,0.9771344473274776,0.008611166474435541,true
0.1,0.1,-0.6108652381980153,0.06491069269275461,0.016456432400789728,0.0027376191379835674,1.0027338820496314,0.8307389410842725,0.9698247949006534,0.009307811245411883,true
0.1,0.1,-0.4363323129985824,0.0790223863836817,0.019157311927061278,0.0037110077795930864,1.00370414742255,0.9225662737059109,0.9635534333040346,0.008349080692402526,true
0.1,0.1,-0.2617993877991494,0.08943104939849778,0.020960113895346726,0.004497102323490839,1.0044870355787827,0.9861254018574889,0.9589853617062926,0.005786614704197609,true
0.1,0.1,-0.08726646259971647,0.09495097483886804,0.021849935436492024,0.004936463132330213,1.0049243384988213,1.0186552345813258,0.9565827680200882,0.0020688808049351966,true
0.1,0.1,0.08726646259971647,0.09495097483886804,0.021849935436492024,0.004936463132330213,1.0049243384988213,1.0186552345813258,0.9565827680200882,-0.0020688808049351966,true
0.1,0.1,0.2617993877991494,0.0894310493984856,0.020960113895413166,0.004497102323490523,1.0044870355787825,0.9861254018576134,0.9589853617063032,-0.005786614704196627,true
0.1,0.1,0.4363323129985824,0.07902238638406271,0.019157311924696593,0.0037110077796186974,1.0037041474225756,0.9225662737071553,0.9635534333038259,-0.008349080692444572,true
0.1,0.1,0.6108652381980153,0.06491069269275461,0.016456432400789728,0.0027376191379835674,1.0027338820496314,0.8307389410842725,0.9698247949006534,-0.009307811245411883,true
0.1,0.1,0.7853981633974483,0.04871207858374032,0.012963236918296938,0.0017604739189803409,1.00175892723495,0.714281584218797,0.977134447330373,-0.008611166472965814,true
0.1,1.6736842105263159,-0.7853981633974483,0.5724132740529607,0.1729474852974179,0.02790127928801322,1.0275225343363883,0.8370033346848531,0.698700254227538,0.10118932691344465,true
0.1,1.6736842105263159,-0.6108652381980153,0.701705071580134,0.20954704242089955,0.04339056001878891,1.042487947161539,1.0286743712191122,0.6294520163679462,0.10062037470106472,true
0.1,1.6736842105263159,-0.4363323129985824,0.8021342366590773,0.23614477155861402,0.058860034711437734,1.0572228097377374,1.1960733607679217,0.5788005699554317,0.08474914383662271,true
0.1,1.6736842105263159,-0.2617993877991494,0.8711843816175846,0.2530792874836856,0.07135577425656701,1.0689768699689208,1.3201770283694945,0.5464949009309048,0.05636977692213136,true
0.1,1.6736842105263159,-0.08726646259971647,0.906555337902705,0.26121822349771706,0.07827938045189439,1.0754342197061444,1.3857776247945948,0.5310884455889525,0.01975287597671039,true
0.1,1.6736842105263159,0.08726646259971647,0.906555337902705,0.26121822349771706,0.07827938045189439,1.0754342197061444,1.3857776247945948,0.5310884455889525,-0.01975287597671039,true
0.1,1.6736842105263159,0.2617993877991494,0.8711843816175561,0.2530792874836978,0.07135577425656354,1.0689768699689175,1.3201770283694685,0.5464949009309054,-0.05636977692212868,true
0.1,1.6736842105263159,0.4363323129985824,0.8021342366576864,0.23614477155927627,0.05886003471109394,1.0572228097374123,1.1960733607647942,0.5788005699562939,-0.08474914383649167,true
0.1,1.6736842105263159,0.6108652381980153,0.7017050715801432,0.2095470424208944,0.04339056001879047,1.0424879471615403,1.02867437121913,0.6294520163679391,-0.10062037470106559,true
0.1,1.6736842105263159,0.7853981633974483,0.5724132740529531,0.1729474852974234,0.02790127928801223,1.0275225343363874,0.8370033346848422,0.6987002542275424,-0.10118932691344328,true
0.1,3.2473684210526317,-0.7853981633974483,0.8423517146633273,0.27972896829600624,0.05042029246802409,1.0492095047935766,0.9544362425697748,0.5336223722001642,0.14890815236190472,true
0.1,3.2473684210526317,-0.6108652381980153,0.9851852349816509,0.327598542345341,0.07640442935219814,1.0736893678815569,1.1993158782286448,0.4592610155309263,0.141269759037829,true
0.1,3.2473684210526317,-0.4363323129985824,1.0921820807579457,0.3601089580084827,0.10123176944913846,1.0965689850182672,1.4095128574050904,0.4114458636080348,0.11539402316536608,true
0.1,3.2473684210526317,-0.2617993877991494,1.1654260428107928,0.3797985179589275,0.12052829882158522,1.114027197879759,1.5613089209481321,0.38369640977776964,0.07540861387838596,true
0.1,3.2473684210526317,-0.08726646259971647,1.2032288068048589,0.3889677919334395,0.130900240969059,1.123298927978307,1.6395424255440474,0.3712664081699367,0.026217075070236188,true
0.1,3.2473684210526317,0.08726646259971647,1.2032288068048589,0.3889677919334395,0.130900240969059,1.123298927978307,1.6395424255440474,0.3712664081699367,-0.026217075070236188,true
0.1,3.2473684210526317,0.2617993877991494,1.1654260428107686,0.37979851795893393,0.12052829882157583,1.1140271978797505,1.5613089209480764,0.38369640977778147,-0.07540861387838439,true
0.1,3.2473684210526317,0.4363323129985824,1.0921820807579434,0.3601089580084833,0.10123176944913752,1.0965689850182663,1.409512857405084,0.41144586360803626,-0.11539402316536584,true
0.1,3.2473684210526317,0.6108652381980153,0.9851852349816467,0.3275985423453424,0.07640442935219682,1.0736893678815556,1.1993158782286353,0.459261015530929,-0.14126975903782846,true
0.1,3.2473684210526317,0.7853981633974483,0.8423517146630728,0.27972896829611504,0.05042029246796377,1.0492095047935188,0.954436242569247,0.5336223722003608,-0.14890815236186167,true
0.1,4.821052631578947,-0.7853981633974483,1.0007686426514129,0.35566621166180173,0.06850564313783336,1.066307313132651,1.0491215563310377,0.4342802713977984,0.17691257050095088,true
0.1,4.821052631578947,-0.6108652381980153,1.1396750006289424,0.40645308074244657,0.10167192933321566,1.0969703089266345,1.327208451377105,0.366336706573164,0.1634226813259045,true
0.1,4.821052631578947,-0.4363323129985824,1.2449627215857484,0.43929874800070984,0.13163230558858544,1.1239504487336445,1.5549372368036998,0.3268092759220834,0.13153599533921703,true
0.1,4.821052631578947,-0.2617993877991494,1.3183151207081198,0.45862910681570085,0.15441145151182595,1.1440379814463233,1.7161177949259545,0.3047134223840984,0.08530126517243579,true
0.1,4.821052631578947,-0.08726646259971647,1.3566186307649823,0.4675072168907344,0.1666852831145385,1.1547166606050583,1.799257919577016,0.29482515107399015,0.02955927609656706,true
0.1,4.821052631578947,0.08726646259971647,1.35661863076498,0.4675072168907349,0.1666852831145375,1.1547166606050576,1.7992579195770113,0.2948251510739908,-0.029559276096567003,true
0.1,4.821052631578947,0.2617993877991494,1.3183151207081178,0.4586291068157014,0.1544114515118249,1.1440379814463224,1.716117794925947,0.30471342238409926,-0.0853012651724356,true
0.1,4.821052631578947,0.4363323129985824,1.2449627215857484,0.43929874800070984,0.13163230558858544,1.1239504487336445,1.5549372368036998,0.3268092759220834,-0.13153599533921703,true
0.1,4.821052631578947,0.6108652381980153,1.1396750006289258,0.40645308074245085,0.1016719293332088,1.0969703089266283,1.3272084513770628,0.36633670657317235,-0.163422681325902,true
0.1,4.821052631578947,0.7853981633974483,1.0007686426514122,0.35566621166180185,0.06850564313783217,1.06630731313265,1.049121556331025,0.43428027139779135,-0.17691257050094897,true
0.1,6.394736842105263,-0.7853981633974483,1.103578105237966,0.4125036170391166,0.08349613513119764,1.0802741644059102,1.1276436940489376,0.3683988863570981,0.19508688978453984,true
0.1,6.394736842105263,-0.6108652381980153,1.2376332175430127,0.46294332263807364,0.12078698114414806,1.1142593783737678,1.4202481447456827,0.3097564834263203,0.17746931250108394,true
0.1,6.394736842105263,-0.4363323129985824,1.3409007392460979,0.49474424944614487,0.15427856985846355,1.143921824105627,1.6584485098272075,0.2761118093785644,0.1416722849073878,true
0.1,6.394736842105263,-0.2617993877991494,1.4142431744042177,0.5131368225875684,0.17933428863087053,1.1656193965294934,1.8243242192859253,0.2577796831904202,0.09150826699946625,true
0.1,6.394736842105263,-0.08726646259971647,1.4529958100914844,0.5215058676896412,0.1927258079479907,1.1770520871802568,1.9091714094465324,0.24967549592044525,0.031659232257813516,true
0.1,6.394736842105263,0.08726646259971647,1.4529958100914844,0.5215058676896412,0.1927258079479907,1.1770520871802568,1.9091714094465324,0.24967549592044525,-0.031659232257813516,true
0.1,6.394736842105263,0.2617993877991494,1.4142431744042092,0.5131368225875699,0.17933428863086584,1.1656193965294896,1.8243242192859048,0.25777968319042316,-0.09150826699946567,true
0.1,6.394736842105263,0.4363323129985824,1.3409007392460979,0.49474424944614487,0.15427856985846355,1.143921824105627,1.6584485098272075,0.2761118093785644,-0.1416722849073878,true
0.1,6.394736842105263,0.6108652381980153,1.2376332175430163,0.4629433226380729,0.1207869811441493,1.1142593783737689,1.4202481447456925,0.3097564834263189,-0.1774693125010844,true
0.1,6.394736842105263,0.7853981633974483,1.1035781052379936,0.41250361703910926,0.0834961351312091,1.0802741644059206,1.1276436940490142,0.36839888635707213,-0.19508688978454466,true
0.1,7.968421052631578,-0.7853981633974483,1.1763352435501218,0.4566315536153663,0.09545166699523179,1.0912851753376558,1.1885722300981072,0.3232613877295094,0.20794865686711558,true
0.1,7.968421052631578,-0.6108652381980153,1.3058886434244459,0.5058003698940086,0.13608547985884642,1.127905563271673,1.49292671153819,0.27116176536541836,0.18725673868545534,true
0.1,7.968421052631578,-0.4363323129985824,1.40789208717712,0.536208446107518,0.1719108845383794,1.1592332678514397,1.736208441454527,0.24210105674477586,0.14875022662792076,true
0.1,7.968421052631578,-0.2617993877991494,1.4814912563599079,0.5536046817474449,0.19842518032413625,1.1818842418398148,1.9037627795029275,0.22649082147391322,0.09585953746773915,true
0.1,7.968421052631578,-0.08726646259971647,1.5207202888118352,0.5614750507636084,0.21252634332963546,1.1937557064202524,1.989027813674284,0.21963304099523254,0.03313487657539414,true
0.1,7.968421052631578,0.08726646259971647,1.5207202888118352,0.5614750507636084,0.21252634332963546,1.1937557064202524,1.989027813674284,0.21963304099523254,-0.03313487657539414,true
0.1,7.968421052631578,0.2617993877991494,1.4814912563599079,0.5536046817474449,0.19842518032413625,1.1818842418398148,1.9037627795029275,0.22649082147391322,-0.09585953746773915,true
0.1,7.968421052631578,0.4363323129985824,1.407892087177129,0.5362084461075166,0.17191088453838432,1.1592332678514439,1.7362084414545493,0.24210105674477275,-0.14875022662792178,true
0.1,7.968421052631578,0.6108652381980153,1.3058886434244459,0.5058003698940086,0.13608547985884642,1.127905563271673,1.49292671153819,0.27116176536541836,-0.18725673868545534,true
0.1,7.968421052631578,0.7853981633974483,1.1763352435501218,0.4566315536153663,0.09545166699523179,1.0912851753376558,1.1885722300981072,0.3232613877295094,-0.20794865686711558,true
0.1,9.542105263157895,-0.7853981633974483,1.2305816481154561,0.49213519966029445,0.1055254857796001,1.1004776106755227,1.2393625897656553,0.2897575343274704,0.21753815714804925,true
0.1,9.542105263157895,-0.6108652381980153,1.356740381658212,0.5396779753604909,0.1485969474433778,1.138944201947047,1.5510116884744507,0.24311469459461252,0.19454857833545244,true
0.1,9.542105263157895,-0.4363323129985824,1.4580564920856056,0.5686901639048099,0.1860310331027155,1.1713505309441572,1.7965628490343186,0.21758184727089128,0.15405032490474724,true
0.1,9.542105263157895,-0.2617993877991494,1.5320556743629918,0.5851688177975916,0.21354424264699584,1.1946080891192183,1.9644742487908347,0.20397120443843775,0.09913129710611873,true
0.1,9.542105263157895,-0.08726646259971647,1.5717488555051944,0.5925960374294232,0.2281344892554915,1.2067597015868836,2.0496631048885012,0.1980099321382349,0.03424673446147969,true
0.1,9.542105263157895,0.08726646259971647,1.571748855505384,0.5925960374293987,0.22813448925558538,1.206759701586961,2.049663104888719,0.19800993213831813,-0.03424673446148139,true
0.1,9.542105263157895,0.2617993877991494,1.5320556743629918,0.5851688177975916,0.21354424264699584,1.1946080891192183,1.9644742487908347,0.20397120443843775,-0.09913129710611873,true
0.1,9.542105263157895,0.4363323129985824,1.4580564920856056,0.5686901639048099,0.1860310331027155,1.1713505309441572,1.7965628490343186,0.21758184727089128,-0.15405032490474724,true
0.1,9.542105263157895,0.6108652381980153,1.356740381658212,0.5396779753604909,0.1485969474433778,1.138944201947047,1.5510116884744507,0.24311469459461252,-0.19454857833545244,true
0.1,9.542105263157895,0.7853981633974483,1.23058164811607,0.49213519966016783,0.10552548577986233,1.100477610675761,1.2393625897672826,0.2897575343271244,-0.2175381571481562,true
0.1,11.11578947368421,-0.7853981633974483,1.2728019936516508,0.5214522652191961,0.11414225217159424,1.1082799756180417,1.282333144501403,0.2638817794469247,0.22500173033423437,true
0.1,11.11578947368421,-0.6108652381980153,1.3964762443431225,0.5673047773201592,0.1590216106531076,1.14806063486438,1.5983907707867746,0.22175001426736432,0.2002464669283823,true
0.1,11.11578947368421,-0.4363323129985824,1.4974627360185877,0.5950213353774767,0.19761926910198585,1.181202158029162,1.8447789852417422,0.19895896333363727,0.15821377463374806,true
0.1,11.11578947368421,-0.2617993877991494,1.571919226065842,0.6106849629897105,0.22585141762577365,1.204866314164059,2.012432911597793,0.18686309603465756,0.10171065814103863,true
0.1,11.11578947368421,-0.08726646259971647,1.6120517043620395,0.6177257005707706,0.2407953444268913,1.2172060996515286,2.097328161687912,0.18157369878850171,0.03512489099120231,true
0.1,11.11578947368421,0.08726646259971647,1.6120517043620395,0.6177257005707706,0.2407953444268913,1.2172060996515286,2.097328161687912,0.18157369878850171,-0.03512489099120231,true
0.1,11.11578947368421,0.2617993877991494,1.571919226065842,0.6106849629897105,0.22585141762577365,1.204866314164059,2.012432911597793,0.18686309603465756,-0.10171065814103863,true
0.1,11.11578947368421,0.4363323129985824,1.4974627360185877,0.5950213353774767,0.19761926910198585,1.181202158029162,1.8447789852417422,0.19895896333363727,-0.15821377463374806,true
0.1,11.11578947368421,0.6108652381980153,1.3964762443431233,0.567304777320159,0.15902161065310802,1.1480606348643803,1.5983907707867764,0.2217500142673636,-0.2002464669283824,true
0.1,11.11578947368421,0.7853981633974483,1.2728019936516508,0.5214522652191961,0.11414225217159409,1.1082799756180415,1.2823331445014008,0.2638817794469248,-0.2250017303342342,true
0.1,12.689473684210526,-0.7853981633974483,1.3067786035409783,0.5461689555573971,0.1215995114268235,1.1149883507639091,1.3191084701451636,0.24327567141570833,0.23100800319539966,true
0.1,12.689473684210526,-0.6108652381980153,1.428637165860568,0.5903861356923907,0.16784870524020667,1.1557237607965403,1.6377388386048066,0.20487762454451877,0.20485815397526635,true
0.1,12.689473684210526,-0.4363323129985824,1.5295129834912071,0.6169291831591578,0.20731648559616705,1.1893834415027074,1.8841817160013397,0.18426038988490276,0.1616000293746009,true
0.1,12.689473684210526,-0.2617993877991494,1.604435959423611,0.6318747469151628,0.23609428813200076,1.2133377831938141,2.0513327541345707,0.17334178767908967,0.10381464568337037,true
0.1,12.689473684210526,-0.08726646259971647,1.6449703822285753,0.6385793099919125,0.25130965856944015,1.2258137362031802,2.1358733207310325,0.1685705567045763,0.03584215368082218,true
0.1,12.689473684210526,0.08726646259971647,1.6449703822285753,0.6385793099919125,0.25130965856944015,1.2258137362031802,2.1358733207310325,0.1685705567045763,-0.03584215368082218,true
0.1,12.689473684210526,0.2617993877991494,1.6044359594236275,0.6318747469151609,0.2360942881320084,1.2133377831938206,2.051332754134607,0.1733417876790887,-0.10381464568337144,true
0.1,12.689473684210526,0.4363323129985824,1.5295129834912071,0.6169291831591578,0.20731648559616705,1.1893834415027074,1.8841817160013397,0.18426038988490276,-0.1616000293746009,true
0.1,12.689473684210526,0.6108652381980153,1.4286371658605694,0.5903861356923905,0.16784870524020581,1.1557237607965396,1.637738838604811,0.204877624544521,-0.20485815397526827,true
0.1,12.689473684210526,0.7853981633974483,1.3067786035409783,0.5461689555573971,0.1215995114268235,1.1149883507639091,1.3191084701451636,0.24327567141570833,-0.23100800319539966,true
0.1,14.263157894736842,-0.7853981633974483,1.334858353822165,0.567361917845822,0.1281136159404828,1.1208154316922747,1.350869756369,0.2264624871337332,0.23597184853922715,true
0.1,14.263157894736842,-0.6108652381980153,1.4553718986577675,0.6100448788882006,0.17542909703579573,1.1622642531049483,1.670941058114497,0.1911692410459826,0.208691756895386,true
0.1,14.263157894736842,-0.4363323129985824,1.5562686064498557,0.6355325720606335,0.2155689105699947,1.1963017266085394,1.9170221784486674,0.17230873525995619,0.16442688326008814,true
0.1,14.263157894736842,-0.2617993877991494,1.6316464456088893,0.6498441337836802,0.2447754453030549,1.2204715866227802,2.0835717307822654,0.162329250227863,0.10557529741528447,true
0.1,14.263157894736842,-0.08726646259971647,1.672545394319688,0.6562546073334671,0.2602092166585927,1.2330524858582874,2.1677603087602417,0.15796826297352448,0.03644298394471699,true
0.1,14.263157894736842,0.08726646259971647,1.6725453943198347,0.656254607333452,0.2602092166586695,1.23305248585835,2.1677603087605903,0.15796826297351169,-0.03644298394472048,true
0.1,14.263157894736842,0.2617993877991494,1.6316464456082427,0.6498441337837496,0.24477544530273052,1.2204715866225124,2.0835717307807964,0.16232925022788885,-0.10557529741524013,true
0.1,14.263157894736842,0.4363323129985824,1.5562686064498557,0.6355325720606335,0.2155689105699947,1.1963017266085394,1.9170221784486674,0.17230873525995619,-0.16442688326008814,true
0.1,14.263157894736842,0.6108652381980153,1.4553718986577575,0.6100448788882019,0.17542909703578982,1.162264253104943,1.6709410581144657,0.19116924104598568,-0.20869175689538422,true
0.1,14.263157894736842,0.7853981633974483,1.334858353822165,0.567361917845822,0.1281136159404828,1.1208154316922747,1.350869756369,0.2264624871337332,-0.23597184853922715,true
0.1,15.836842105263157,-0.7853981633974483,1.3585457902216014,0.5857926081405719,0.13386633930746306,1.1259363562747926,1.3786324867628075,0.21244882521040334,0.24015923521414292,true
0.1,15.836842105263157,-0.6108652381980153,1.478068848117007,0.6270517968177848,0.18201428167568387,1.1679163340485166,1.699320893304059,0.17977845357548483,0.21194636567280742,true
0.1,15.836842105263157,-0.4363323129985824,1.5790598811826764,0.6515910562381043,0.2226932417815165,1.202242273227636,1.9448563126014689,0.16235941763239994,0.1668348855200969,true
0.1,15.836842105263157,-0.2617993877991494,1.6548731162385801,0.6653396361371076,0.25224138041511357,1.2265735866457776,2.110752114513907,0.153147839838443,0.10707817044720999,true
0.1,15.836842105263157,-0.08726646259971647,1.6961033597949589,0.6714907234540338,0.2678573229149658,1.2392395433070318,2.1946157696487294,0.1491191314466493,0.036956286995653224,true
0.1,15.836842105263157,0.08726646259971647,1.69610335979485,0.6714907234540444,0.2678573229149092,1.2392395433069858,2.194615769648474,0.14911913144665803,-0.0369562869956506,true
0.1,15.836842105263157,0.2617993877991494,1.6548731162385208,0.6653396361371136,0.2522413804150649,1.226573586645741,2.110752114513652,0.15314783983850772,-0.1070781704471999,true
0.1,15.836842105263157,0.4363323129985824,1.5790598811826764,0.6515910562381043,0.2226932417815165,1.202242273227636,1.9448563126014689,0.16235941763239994,-0.1668348855200969,true
0.1,15.836842105263157,0.6108652381980153,1.4780688481170001,0.6270517968177857,0.18201428167567982,1.1679163340485132,1.6993208933040382,0.1797784535754865,-0.21194636567280636,true
0.1,15.836842105263157,0.7853981633974483,1.3585457902216014,0.5857926081405719,0.13386633930746306,1.1259363562747926,1.3786324867628075,0.21244882521040334,-0.24015923521414292,true
0.1,17.410526315789475,-0.7853981633974483,1.3788957937725934,0.6020076070185563,0.13897104343348973,1.1304610066167955,1.4029967465397322,0.20058715486404724,0.24375664163231897,true
0.1,17.410526315789475,-0.6108652381980153,1.4976569728560065,0.6419565715788841,0.18780223954189867,1.1728616625938353,1.72391044424906,0.17013181535282135,0.21475518797734455,true
0.1,17.410526315789475,-0.4363323129985824,1.598786473023921,0.6656405739095027,0.2289235586076666,1.2074133995226775,1.9688091324509767,0.1539166738513425,0.1689190904470475,true
0.1,17.410526315789475,-0.2617993877991494,1.675007906505736,0.6788863976665432,0.2587579707701617,1.2318749707360894,2.13408145112948,0.145342134435189,0.10838098594211783,true
0.1,17.410526315789475,-0.08726646259971647,1.7166465386721894,0.6847970560361949,0.2743670185228311,1.2444814347596802,2.2168411081358514,0.1416446019998434,0.03740390000369112,true
0.1,17.410526315789475,0.08726646259971647,1.7166465386721894,0.6847970560361949,0.2743670185228311,1.2444814347596802,2.2168411081358514,0.1416446019998434,-0.03740390000369112,true
0.1,17.410526315789475,0.2617993877991494,1.6750079065062757,0.6788863976664915,0.25875797077041957,1.2318749707363041,2.1340814511305215,0.1453421344352482,-0.10838098594214225,true
0.1,17.410526315789475,0.4363323129985824,1.5987864730240093,0.6656405739094935,0.22892355860771282,1.2074133995227159,1.9688091324511963,0.15391667385133634,-0.16891909044705716,true
0.1,17.410526315789475,0.6108652381980153,1.4976569728560065,0.6419565715788841,0.18780223954189867,1.1728616625938353,1.72391044424906,0.17013181535282135,-0.21475518797734455,true
0.1,17.410526315789475,0.7853981633974483,1.3788957937725257,0.602007607018566,0.13897104343345487,1.1304610066167646,1.4029967465395274,0.20058715486406986,-0.24375664163230676,true
0.1,18.984210526315792,-0.7853981633974483,1.3966283267838284,0.6164171776718741,0.14353375516743766,1.13448997812055,1.4245465507553121,0.19040024745391568,0.24689134019766099,true
0.1,18.984210526315792,-0.6108652381980153,1.514793707567146,0.6551613342180977,0.19293617591673592,1.1772307980253298,1.7454379252212386,0.16183634697291774,0.21721249412693824,true
0.1,18.984210526315792,-0.4363323129985824,1.6161047753467725,0.6780690178039331,0.2344044880794573,1.211944298962675,1.989540254103419,0.1466513056811927,0.17074880957226415,true
0.1,18.984210526315792,-0.2617993877991494,1.692839699978719,0.6908509837029391,0.2642946229850526,1.2363612959516066,2.1532763745111727,0.13867944248729847,0.1095347773637206,true
0.1,18.984210526315792,-0.08726646259971647,1.73477847965954,0.6965539306452122,0.2799870525421364,1.2489892326731296,2.2355547447886925,0.13521982965210294,0.03779897739353803,true
0.1,18.984210526315792,0.08726646259971647,1.73477847965954,0.6965539306452122,0.2799870525421364,1.2489892326731296,2.2355547447886925,0.13521982965210294,-0.03779897739353803,true
0.1,18.984210526315792,0.2617993877991494,1.692839699978719,0.6908509837029391,0.2642946229850526,1.2363612959516066,2.1532763745111727,0.13867944248729847,-0.1095347773637206,true
0.1,18.984210526315792,0.4363323129985824,1.6161047753467725,0.6780690178039331,0.2344044880794573,1.211944298962675,1.989540254103419,0.1466513056811927,-0.17074880957226415,true
0.1,18.984210526315792,0.6108652381980153,1.5147937075671394,0.6551613342180985,0.1929361759167317,1.1772307980253263,1.7454379252212167,0.1618363469729189,-0.21721249412693724,true
0.1,18.984210526315792,0.7853981633974483,1.3966283267838704,0.6164171776718683,0.14353375516745967,1.1344899781205693,1.4245465507554402,0.19040024745390213,-0.24689134019766854,true
0.1,20.55789473684211,-0.7853981633974483,1.4122418966687338,0.6293361566381743,0.14765643762878694,1.1381181288795026,1.4438573333102205,0.1815268804384966,0.24965145545686906,true
0.1,20.55789473684211,-0.6108652381980153,1.5299646939045648,0.6669673094206251,0.1975201263889788,1.181118221337171,1.7644183074825748,0.15461436068694007,0.21938792446961033,true
0.1,20.55789473684211,-0.4363323129985824,1.6314973674766555,0.6891662569634117,0.23924787367723702,1.2159341066955447,2.0075530278717437,0.14032561994009732,0.17237511743393977,true
0.1,20.55789473684211,-0.2617993877991494,1.708706376062163,0.7015300430785093,0.26917322422595763,1.2403009506237623,2.169884142994945,0.1328641592537297,0.11056143920651665,true
0.1,20.55789473684211,-0.08726646259971647,1.7509134281864789,0.7070464320799607,0.2849480743410618,1.2529549666232347,2.2517876180387018,0.1296031572678753,0.03815054021828494,true
0.1,20.55789473684211,0.08726646259971647,1.7509134281864789,0.7070464320799607,0.2849480743410618,1.2529549666232347,2.2517876180387018,0.1296031572678753,-0.03815054021828494,true
0.1,20.55789473684211,0.2617993877991494,1.708706376062163,0.7015300430785093,0.26917322422595763,1.2403009506237623,2.169884142994945,0.1328641592537297,-0.11056143920651665,true
0.1,20.55789473684211,0.4363323129985824,1.6314973674753,0.6891662569635408,0.23924787367656286,1.2159341066949836,2.007553027868,0.14032561994024229,-0.17237511743368758,true
0.1,20.55789473684211,0.6108652381980153,1.5299646939045168,0.6669673094206303,0.19752012638895255,1.1811182213371485,1.7644183074824396,0.15461436068694598,-0.21938792446960295,true
0.1,20.55789473684211,0.7853981633974483,1.4122418966687338,0.6293361566381743,0.14765643762878694,1.1381181288795026,1.4438573333102205,0.1815268804384966,-0.24965145545686906,true
0.1,22.13157894736842,-0.7853981633974483,1.4261526238986255,0.6410021886461816,0.15138483099509356,1.1413893559974728,1.4611520018015876,0.17373263436416478,0.2521105478515452,true
0.1,22.13157894736842,-0.6108652381980153,1.5435210539857283,0.6776070324455327,0.20164572639300993,1.1846060327447652,1.7813088236360743,0.1482555158612848,0.2213318265847795,true
0.1,22.13157894736842,-0.4363323129985824,1.6454143669548211,0.699146040582178,0.243423091142528,1.2193630242805882,2.0226105540064205,0.1348091135128377,0.17384551877008997,true
0.1,22.13157894736842,-0.2617993877991494,1.7229484549203042,0.7111408261710112,0.2735164749459018,1.2437977929882265,2.184434226854977,0.12772942814562396,0.11148296880873274,true
0.1,22.13157894736842,-0.08726646259971647,1.7653752096656008,0.7164901930644928,0.28940120943242564,1.2565040464622832,2.2661856496975537,0.12462834386373474,0.03846564694289693,true
0.1,22.13157894736842,0.08726646259971647,1.765375209665905,0.7164901930644684,0.2894012094325929,1.2565040464624173,2.2661856496982544,0.1246283438637286,-0.038465646942903726,true
0.1,22.13157894736842,0.2617993877991494,1.722948454920479,0.7111408261709965,0.27351647494599046,1.2437977929882984,2.1844342268553665,0.12772942814561958,-0.11148296880874536,true
0.1,22.13157894736842,0.4363323129985824,1.6454143669524264,0.6991460405823969,0.2434230911413221,1.2193630242795903,2.0226105539999923,0.13480911351306302,-0.173845518769648,true
0.1,22.13157894736842,0.6108652381980153,1.5435210539857283,0.6776070324455327,0.20164572639300993,1.1846060327447652,1.7813088236360743,0.1482555158612848,-0.2213318265847795,true
0.1,22.13157894736842,0.7853981633974483,1.4261526238986226,0.641002188646182,0.1513848309950917,1.1413893559974713,1.4611520018015784,0.1737326343641658,-0.2521105478515446,true
0.1,23.705263157894738,-0.7853981633974483,1.4386534329848946,0.6516059730891182,0.15477475402270702,1.1443554989757383,1.4767323348787171,0.16682222839663938,0.2543203995567576,true
0.1,23.705263157894738,-0.6108652381980153,1.5557546968067955,0.6872598425152056,0.2053614664894694,1.1877385794088318,1.796327545731159,0.14261415770558153,0.22308605882800173,true
0.1,23.705263157894738,-0.4363323129985824,1.6579738879774775,0.708196335656406,0.24719627894115156,1.2224534993983114,2.036068374732322,0.1298895174360847,0.17517250968144144,true
0.1,23.705263157894738,-0.2617993877991494,1.7358099434447427,0.7198536829481513,0.2774409698748782,1.2469490525867652,2.1974362818374824,0.12314375832342933,0.11231516813770599,true
0.1,23.705263157894738,-0.08726646259971647,1.7784619664969181,0.7250487651422711,0.29339187464986716,1.2596760493347345,2.278891831225105,0.12019217314183481,0.03875079341259354,true
0.1,23.705263157894738,0.08726646259971647,1.7784619664969181,0.7250487651422711,0.29339187464986716,1.2596760493347345,2.278891831225105,0.12019217314183481,-0.03875079341259354,true
0.1,23.705263157894738,0.2617993877991494,1.7358099434448584,0.719853682948142,0.2774409698749363,1.246949052586812,2.1974362818377347,0.12314375832342687,-0.11231516813771403,true
0.1,23.705263157894738,0.4363323129985824,1.6579738879774775,0.708196335656406,0.24719627894115156,1.2224534993983114,2.036068374732322,0.1298895174360847,-0.17517250968144144,true
0.1,23.705263157894738,0.6108652381980153,1.5557546968068232,0.6872598425152028,0.2053614664894834,1.1877385794088438,1.7963275457312298,0.1426141577055795,-0.2230860588280058,true
0.1,23.705263157894738,0.7853981633974483,1.438653432984891,0.6516059730891186,0.15477475402270555,1.144355498975737,1.4767323348787083,0.1668222283966401,-0.25432039955675695,true
0.1,25.278947368421054,-0.7853981633974483,1.449936562886093,0.6613040482682278,0.15789798360232593,1.1470814999093026,1.4910093436946648,0.16062555828083147,0.2563149942658991,true
0.1,25.278947368421054,-0.6108652381980153,1.56701054918026,0.6960571385311528,0.2085871955863643,1.1904513392842841,1.8089683585388454,0.13763392578356215,0.22470008171061506,true
0.1,25.278947368421054,-0.4363323129985824,1.6693906709101596,0.7164538291254949,0.25062105196822976,1.2252518533294907,2.048149218658974,0.1254694252024396,0.17637874560325792,true
0.1,25.278947368421054,-0.2617993877991494,1.7475158523570287,0.7278005200710967,0.28099182315157056,1.2497934414572383,2.2090521766547893,0.11902141123256649,0.11307259608809961,true
0.1,25.278947368421054,-0.08726646259971647,1.7903732174288571,0.7328543742639282,0.2970065917864842,1.2625423492144845,2.2902618285955145,0.11620027556532968,0.03901032688205126,true
0.1,25.278947368421054,0.08726646259971647,1.7903732174288571,0.7328543742639282,0.2970065917864842,1.2625423492144845,2.2902618285955145,0.11620027556532968,-0.03901032688205126,true
0.1,25.278947368421054,0.2617993877991494,1.7475158523571115,0.7278005200710903,0.28099182315161064,1.2497934414572704,2.2090521766549633,0.11902141123256475,-0.1130725960881051,true
0.1,25.278947368421054,0.4363323129985824,1.6693906709101698,0.716453829125494,0.2506210519682259,1.2252518533294878,2.0481492186589123,0.12546942520245333,-0.17637874560324693,true
0.1,25.278947368421054,0.6108652381980153,1.56701054918026,0.6960571385311528,0.2085871955863643,1.1904513392842841,1.8089683585388454,0.13763392578356215,-0.22470008171061506,true
0.1,25.278947368421054,0.7853981633974483,1.449936562886093,0.6613040482682278,0.15789798360232593,1.1470814999093026,1.4910093436946648,0.16062555828083147,-0.2563149942658991,true
0.1,26.85263157894737,-0.7853981633974483,1.4602317772856435,0.6702138073786329,0.16075400766265846,1.1495686214066212,1.5039382901076177,0.15505559944509134,0.2581349479778888,true
0.1,26.85263157894737,-0.6108652381980153,1.577289351027481,0.7041321747274019,0.21153873340129625,1.1929281063765877,1.8204297993980234,0.13313379967186542,0.22617399338602603,true
0.1,26.85263157894737,-0.4363323129985824,1.6798447304267714,0.7240277384761954,0.2537299543877868,1.2277865892982427,2.0589748405301687,0.12147589476914591,0.17748326490282398,true
0.1,26.85263157894737,-0.2617993877991494,1.7582409175960452,0.7350877833698215,0.28421180963299164,1.2523672062427933,2.2194429876989084,0.11529268976277601,0.11376655883174032,true
0.1,26.85263157894737,-0.08726646259971647,1.8012719749478419,0.7400127840858536,0.300308264039041,1.265154744794641,2.30054492827886,0.11258110340703638,0.03924779920813048,true
0.1,26.85263157894737,0.08726646259971647,1.801271974947131,0.7400127840859049,0.30030826403871946,1.2651547447943867,2.3005449282771355,0.11258110340712288,-0.03924779920808027,true
0.1,26.85263157894737,0.2617993877991494,1.7582409175960452,0.7350877833698215,0.28421180963299164,1.2523672062427933,2.2194429876989084,0.11529268976277601,-0.11376655883174032,true
0.1,26.85263157894737,0.4363323129985824,1.679844730426704,0.7240277384762009,0.2537299543877632,1.227786589298223,2.0589748405301007,0.12147589476913619,-0.17748326490282895,true
0.1,26.85263157894737,0.6108652381980153,1.577289351027481,0.7041321747274019,0.21153873340129625,1.1929281063765877,1.8204297993980234,0.13313379967186542,-0.22617399338602603,true
0.1,26.85263157894737,0.7853981633974483,1.4602317772856435,0.6702138073786329,0.1607540076626586,1.1495686214066214,1.5039382901076186,0.15505559944509126,-0.2581349479778889,true
0.1,28.426315789473687,-0.7853981633974483,1.4697513249997567,0.6784291749850182,0.16332223609536717,1.1518005349463938,1.5153580960987132,0.15005358420675127,0.2598177823652663,true
0.1,28.426315789473687,-0.6108652381980153,1.5867185997146622,0.7115801486214045,0.2142606158683522,1.1952076103413263,1.830925309634061,0.12903842178225133,0.22752609263374934,true
0.1,28.426315789473687,-0.4363323129985824,1.6894528893790088,0.7310094373719276,0.25658416480387625,1.230109072261305,2.06882382877306,0.11783905379527444,0.17849841081553025,true
0.1,28.426315789473687,-0.2617993877991494,1.7680958079646163,0.7418044036054932,0.28717729551620885,1.2547328764445829,2.2289417931354985,0.11189067324014405,0.1144042148162532,true
0.1,28.426315789473687,-0.08726646259971647,1.8113118870773024,0.7466084638032581,0.3033164890590458,1.2675302665567416,2.3097908622454226,0.10928581026381513,0.03946655766012487,true
0.1,28.426315789473687,0.08726646259971647,1.8113118870773024,0.7466084638032581,0.3033164890590458,1.2675302665567416,2.3097908622454226,0.10928581026381513,-0.03946655766012487,true
0.1,28.426315789473687,0.2617993877991494,1.768095807964122,0.7418044036055292,0.2871772955159493,1.2547328764443757,2.228941793134031,0.111890673240227,-0.11440421481612727,true
0.1,28.426315789473687,0.4363323129985824,1.6894528893790481,0.7310094373719245,0.25658416480389146,1.2301090722613175,2.0688238287731195,0.11783905379527619,-0.17849841081553078,true
0.1,28.426315789473687,0.6108652381980153,1.586718599713228,0.7115801486215348,0.21426061586751688,1.1952076103406264,1.8309253096297184,0.12903842178247293,-0.22752609263344736,true
0.1,28.426315789473687,0.7853981633974483,1.4697513249997567,0.6784291749850182,0.16332223609536717,1.1518005349463938,1.5153580960987132,0.15005358420675127,-0.2598177823652663,true
0.1,30.0,-0.7853981633974483,1.4785905125598544,0.6860371027695731,0.1656450203873602,1.1538154275157122,1.5255122617698582,0.14552835706069225,0.26138034440081837,true
0.1,30.0,-0.6108652381980153,1.595432847518322,0.7184768470084804,0.2167579857298419,1.1972952733148727,1.8404507873296514,0.12530096915701178,0.22877566548592224,true
0.1,30.0,-0.4363323129985824,1.6983176647951168,0.7374735145072342,0.25922489617716227,1.2322539481348302,2.0778746608785146,0.11450633125693395,0.17943500658003633,true
0.1,30.0,-0.2617993877991494,1.7772053543978656,0.74802096925996,0.289903772696595,1.2569039523718206,2.237587500526427,0.10877476504561491,0.11499364620544648,true
0.1,30.0,-0.08726646259971647,1.8206026653422915,0.7527121756016427,0.3060699609058349,1.269700721377154,2.318147880537823,0.10626881064643928,0.039668994554434074,true
0.1,30.0,0.08726646259971647,1.8206026653420382,0.7527121756016599,0.3060699609057454,1.2697007213770826,2.318147880537228,0.10626881064650026,-0.03966899455441236,true
0.1,30.0,0.2617993877991494,1.7772053543980755,0.7480209692599451,0.2899037726967028,1.2569039523719066,2.237587500527041,0.10877476504557716,-0.11499364620550472,true
0.1,30.0,0.4363323129985824,1.6983176647948597,0.7374735145072541,0.25922489617701083,1.232253948134707,2.0778746608776806,0.11450633125697078,-0.17943500657995018,true
0.1,30.0,0.6108652381980153,1.595432847518322,0.7184768470084804,0.2167579857298419,1.1972952733148727,1.8404507873296514,0.12530096915701178,-0.22877566548592224,true
0.1,30.0,0.7853981633974483,1.478590512559869,0.6860371027695715,0.16564502038736956,1.1538154275157202,1.5255122617699093,0.14552835706068704,-0.2613803444008218,true
0.1,40.0,-0.7853981633974483,1.5221964792096259,0.7241199101774808,0.1771251784941358,1.1637226288928784,1.5745186386602035,0.12389607698057023,0.2690888632173358,true
0.1,40.0,-0.6108652381980153,1.6385937989892712,0.7529179827352575,0.22902601514246532,1.2074982527149594,1.8860319348847396,0.10731405771715763,0.23496468866142553,true
0.1,40.0,-0.4363323129985824,1.7423911493086641,0.7697142201871682,0.27207574799364803,1.2426389242174538,2.1205669519162886,0.09842169630671538,0.1840915764218689,true
0.1,40.0,-0.2617993877991494,1.822549395921196,0.7790134305431855,0.30315276586655626,1.2674010934743383,2.2782587016174447,0.0936928868436562,0.11792762269863503,true
0.1,40.0,-0.08726646259971647,1.8667843169957146,0.7831432972455646,0.31957094903999433,1.2802897712902235,2.3580046415304015,0.09161623136377282,0.040675242188187556,true
0.1,40.0,0.08726646259971647,1.8667843169958696,0.7831432972455556,0.31957094904002425,1.2802897712902443,2.3580046415304445,0.09161623136377439,-0.040675242188196035,true
0.1,40.0,0.2617993877991494,1.822549395921196,0.7790134305431855,0.30315276586655626,1.2674010934743383,2.2782587016174447,0.0936928868436562,-0.11792762269863503,true
0.1,40.0,0.4363323129985824,1.7423911493086823,0.769714220187167,0.27207574799367723,1.2426389242174773,2.120566951916456,0.09842169630670317,-0.18409157642189752,true
0.1,40.0,0.6108652381980153,1.6385937989891135,0.7529179827352693,0.22902601514237164,1.2074982527148816,1.8860319348842078,0.10731405771717845,-0.23496468866135725,true
0.1,40.0,0.7853981633974483,1.5221964792096356,0.7241199101774799,0.17712517849414094,1.1637226288928828,1.5745186386602315,0.12389607698056915,-0.2690888632173378,true
0.1,50.0,-0.7853981633974483,1.552221441896826,0.7508236414186269,0.18501741620659323,1.1704848703767623,1.6070631939142288,0.10963743010347286,0.2743965578146702,true
0.1,50.0,-0.6108652381980153,1.6684857583849244,0.7769964737397703,0.2373800018927032,1.214396971253547,1.915883818400822,0.09534701051619124,0.2392510284409968,true
0.1,50.0,-0.4363323129985824,1.7730500571309102,0.7922218932164912,0.28073943779056354,1.2495914834880302,2.1480826224014313,0.0876646522579405,0.1873308309642158,true
0.1,50.0,-0.2617993877991494,1.8541539712527384,0.8006372032218387,0.31205450307995347,1.2744053541870584,2.3043085873322937,0.08356939564042169,0.11997258748978765,true
0.1,50.0,-0.08726646259971647,1.8990240647993992,0.8043697517970145,0.3286007420235144,1.287323379748631,2.383332472509499,0.08177030200285099,0.041377713214304855,true
0.1,50.0,0.08726646259971647,1.899024064799397,0.8043697517970146,0.32860074202351447,1.287323379748631,2.3833324725094966,0.08177030200285104,-0.04137771321430488,true
0.1,50.0,0.2617993877991494,1.8541539712527384,0.8006372032218387,0.31205450307995347,1.2744053541870584,2.3043085873322937,0.08356939564042169,-0.11997258748978765,true
0.1,50.0,0.4363323129985824,1.7730500571309102,0.7922218932164912,0.28073943779056354,1.2495914834880302,2.1480826224014313,0.0876646522579405,-0.1873308309642158,true
0.1,50.0,0.6108652381980153,1.6684857583849328,0.7769964737397698,0.23738000189271757,1.2143969712535587,1.9158838184009128,0.09534701051618524,-0.2392510284410153,true
0.1,50.0,0.7853981633974483,1.552221441896826,0.7508236414186269,0.18501741620659323,1.1704848703767623,1.6070631939142288,0.10963743010347286,-0.2743965578146702,true
0.1,60.0,-0.7853981633974483,1.5745697638573584,0.7709025124641362,0.1908462501434493,1.1754541675771557,1.6304660337663164,0.09935587707749041,0.27834722967993103,true
0.1,60.0,-0.6108652381980153,1.6908537116229576,0.7950665397988935,0.24347696604565314,1.2194072051965033,1.9369606020648262,0.08666756724092084,0.24245846016063946,true
0.1,60.0,-0.4363323129985824,1.7960610050069163,0.809098559614419,0.28701049490879543,1.2545999321281922,2.1672365157096984,0.07983229370329296,0.18976204458839263,true
0.1,60.0,-0.2617993877991494,1.8778877069787339,0.8168464224462096,0.31849944049259116,1.2794525709595237,2.322429555068928,0.07617573249279698,0.1215082743398956,true
0.1,60.0,-0.08726646259971647,1.9232799234757751,0.8202779358715805,0.3350919266276975,1.2923559313343291,2.40072986512122,0.07457655690878162,0.041906222561438465,true
0.1,60.0,0.08726646259971647,1.9232799234757987,0.8202779358715794,0.3350919266277096,1.2923559313343387,2.4007298651212636,0.07457655690878136,-0.041906222561439006,true
0.1,60.0,0.2617993877991494,1.8778877069787339,0.8168464224462096,0.31849944049259116,1.2794525709595237,2.322429555068928,0.07617573249279698,-0.1215082743398956,true
0.1,60.0,0.4363323129985824,1.7960610050069163,0.809098559614419,0.28701049490879543,1.2545999321281922,2.1672365157096984,0.07983229370329296,-0.18976204458839263,true
0.1,60.0,0.6108652381980153,1.6908537116229576,0.7950665397988935,0.24347696604565314,1.2194072051965033,1.9369606020648262,0.08666756724092084,-0.24245846016063946,true
0.1,60.0,0.7853981633974483,1.5745697638573584,0.7709025124641362,0.1908462501434493,1.1754541675771557,1.6304660337663164,0.09935587707749041,-0.27834722967993103,true
0.2,-2.0,-0.7853981633974483,-1.928026803600431,-0.38853404841236455,-0.08138951033429216,0.9149978029081295,0.6085597739254985,1.6133860363362833,-0.3408302067802023,true
0.2,-2.0,-0.6108652381980153,-3.2534149356741686,-0.557005729816307,-0.1309533081480889,0.8591236136066827,0.6646802457622984,1.918854116665708,-0.4665205361316439,true
0.2,-2.0,-0.4363323129985824,-4.65588527395319,-0.6834895535226944,-0.17539386183403124,0.8057371012462274,0.6881217175266148,2.2172817001335154,-0.4919155353330798,true
0.2,-2.0,-0.2617993877991494,-5.653823266325084,-0.7406535429890111,-0.20350078035765065,0.7700639191209414,0.6904125672205318,2.4352717387089196,-0.36582928468351783,true
0.2,-2.0,-0.08726646259971647,-6.120874112553507,-0.7560929520766403,-0.21592102980031072,0.7537625223317683,0.6875150787457903,2.5445412632777407,-0.13336733238475143,true
0.2,-2.0,0.08726646259971647,-6.120874112553543,-0.7560929520766457,-0.21592102980031175,0.7537625223317675,0.6875150787457922,2.5445412632777473,0.13336733238475212,true
0.2,-2.0,0.2617993877991494,-5.6538232663255945,-0.7406535429890898,-0.20350078035766267,0.7700639191209242,0.690412567220534,2.4352717387090137,0.36582928468355025,true
0.2,-2.0,0.4363323129985824,-4.6558852739531815,-0.6834895535226928,-0.17539386183403102,0.8057371012462278,0.6881217175266146,2.2172817001335137,0.4919155353330789,true
0.2,-2.0,0.6108652381980153,-3.2534149356743587,-0.5570057298163527,-0.1309533081480957,0.8591236136066753,0.6646802457623043,1.9188541166657502,0.4665205361316714,true
0.2,-2.0,0.7853981633974483,-1.9280268036004315,-0.3885340484123648,-0.08138951033429224,0.9149978029081296,0.608559773925499,1.6133860363362835,0.34083020678020254,true
0.2,-1.0,-0.7853981633974483,-0.6596544035336901,-0.14861168680602407,-0.03676427279036777,0.9625338717637479,0.6491828389149384,1.2510976308701944,-0.11661152552069358,true
0.2,-1.0,-0.6108652381980153,-0.9579090745820059,-0.19480663130672196,-0.05720091029038733,0.9410622605132103,0.726880276937135,1.346477980610039,-0.13735851832955612,true
0.2,-1.0,-0.4363323129985824,-1.2434569801234951,-0.23038115534124673,-0.07674052397777135,0.9200646455761294,0.7775836767797417,1.4340630537649313,-0.13137690687073017,true
0.2,-1.0,-0.2617993877991494,-1.463972253915032,-0.25262952731939586,-0.09161970202300675,0.9037480821155497,0.8062950684934591,1.5006258358260387,-0.09472597520251574,true
0.2,-1.0,-0.08726646259971647,-1.5825458313065195,-0.262798106763361,-0.09952015910656398,0.8949635086085934,0.8188158675594416,1.5363561312666862,-0.03448198933941531,true
0.2,-1.0,0.08726646259971647,-1.5825458313064862,-0.26279810676334764,-0.09952015910656183,0.8949635086085957,0.818815867559438,1.5363561312666767,0.0344819893394146,true
0.2,-1.0,0.2617993877991494,-1.4639722539150373,-0.25262952731939814,-0.0916197020230071,0.9037480821155492,0.8062950684934599,1.50062583582604,0.09472597520251609,true
0.2,-1.0,0.4363323129985824,-1.2434569801234263,-0.23038115534121276,-0.07674052397776694,0.920064645576134,0.7775836767797296,1.4340630537649113,0.1313769068707231,true
0.2,-1.0,0.6108652381980153,-0.9579090745821518,-0.194806631306813,-0.057200910290396666,0.9410622605132007,0.7268802769371719,1.346477980610076,0.13735851832957813,true
0.2,-1.0,0.7853981633974483,-0.6596544035377274,-0.14861168680953904,-0.036764272790626176,0.9625338717634924,0.64918283891638,1.251097630871529,0.11661152552140279,true
0.2,0.1,-0.7853981633974483,0.04879638465679707,0.012109473101426528,0.0035209510017856645,1.0035147741824095,0.713609784307358,0.9788880505658019,0.008626063627282394,true
0.2,0.1,-0.6108652381980153,0.06508842316680698,0.015110843846975596,0.005475512191844812,1.0054606030955726,0.8295471533964874,0.972547446255931,0.009333296468612758,true
0.2,0.1,-0.4363323129985824,0.07931511079603289,0.017342312337612777,0.0074219396253544945,1.0073945995638702,0.9207546998784599,0.9672394984367964,0.008380003595557841,true
0.2,0.1,-0.2617993877991494,0.089833152731377,0.018761583958023628,0.008993640268137279,1.0089535571541768,0.9837631342209066,0.9634468850996923,0.005812632737943218,true
0.2,0.1,-0.08726646259971647,4.134790696043972e-12,0.999993545203733,-5.817570614386752e-9,0.9999999954459081,6.422497168263417e-6,1.001206214756294,3.769842012910221e-14,true
0.2,0.1,0.08726646259971647,8.204362436490184e-12,0.9999909076071296,-7.990367336613979e-9,0.9999999937254895,9.047627939592554e-6,1.0011236853009462,-9.258406814816246e-14,true
0.2,0.1,0.2617993877991494,0.089833152731377,0.018761583958023628,0.008993640268137279,1.0089535571541768,0.9837631342209066,0.9634468850996923,-0.005812632737943218,true
0.2,0.1,0.4363323129985824,0.07931511079509011,0.017342312343452886,0.007421939625231733,1.007394599563748,0.9207546998726067,0.9672394984371494,-0.008380003595457439,true
0.2,0.1,0.6108652381980153,0.0650884231668127,0.01511084384693245,0.005475512191845489,1.0054606030955733,0.8295471533965262,0.9725474462559284,-0.00933329646861358,true
0.2,0.1,0.7853981633974483,0.04879638469996728,0.01210947266443269,0.0035209510068896326,1.0035147741874966,0.7136097846367022,0.9788880505486375,-0.00862606363497643,true
0.2,1.6736842105263159,-0.7853981633974483,0.5882734914002961,0.1615679377212741,0.05534985504818209,1.0538973907016844,0.8182465944185479,0.724550521105051,0.10399304382208056,true
0.2,1.6736842105263159,-0.6108652381980153,0.7321470081147164,0.19258304108189142,0.08530225286733753,1.081944779544862,0.989996143228816,0.6680806283566629,0.10498556878118512,true
0.2,1.6736842105263159,-0.4363323129985824,0.8497204753692175,0.21381352057355724,0.11472531422205572,1.1088059471539913,1.1332520964185089,0.6287452991419488,0.0897768475664063,true
0.2,1.6736842105263159,-0.2617993877991494,0.9342906460516457,0.22649974220717004,0.1382537586636539,1.1298263217535556,1.2358319659569659,0.6045675271543847,0.06045305321473929,true
0.2,1.6736842105263159,-0.08726646259971647,0.9789504759642622,0.2322861503461311,0.15127133327060563,1.1412899134492396,1.2891045619211587,0.5932741914510683,0.02133028896135999,true
0.2,1.6736842105263159,0.08726646259971647,0.9789504759642604,0.2322861503461317,0.15127133327060496,1.141289913449239,1.2891045619211567,0.5932741914510686,-0.02133028896135996,true
0.2,1.6736842105263159,0.2617993877991494,0.934290646051644,0.22649974220717076,0.13825375866365322,1.129826321753555,1.2358319659569639,0.6045675271543851,-0.060453053214739164,true
0.2,1.6736842105263159,0.4363323129985824,0.8497204753692237,0.21381352057355424,0.11472531422205787,1.108805947153993,1.1332520964185169,0.6287452991419468,-0.08977684756640694,true
0.2,1.6736842105263159,0.6108652381980153,0.7321470081109376,0.19258304108397503,0.08530225286631142,1.0819447795439159,0.9899961432238849,0.668080628358118,-0.10498556878066476,true
0.2,1.6736842105263159,0.7853981633974483,0.588273491400476,0.16156793772114572,0.05534985504821924,1.0538973907017195,0.8182465944187662,0.7245505211049713,-0.10399304382211166,true
0.2,3.2473684210526317,-0.7853981633974483,0.8857604077094163,0.26140332487329027,0.09885134007733883,1.0943960344204104,0.908489119507205,0.5748739377917517,0.156581797702347,true
0.2,3.2473684210526317,-0.6108652381980153,1.0630430856709014,0.30153422157444054,0.14785116651276017,1.1382892132646638,1.1100832047337075,0.5154115185109382,0.15243411624385672,true
0.2,3.2473684210526317,-0.4363323129985824,1.207451909684238,0.32718846542286084,0.19422897544116244,1.1783284562811305,1.274191933821874,0.478557677841586,0.12757280680144817,true
0.2,3.2473684210526317,-0.2617993877991494,1.3128696210916062,0.3417342789694768,0.23043204035137593,1.208662103609278,1.3892603843096902,0.4576794009399707,0.08494891541909033,true
0.2,3.2473684210526317,-0.08726646259971647,1.3694267752885365,0.3481323935988547,0.2501677330187975,1.2248818171703797,1.448136558493364,0.44842943121412665,0.029838351935031142,true
0.2,3.2473684210526317,0.08726646259971647,1.3694267752885374,0.34813239359885456,0.25016773301879763,1.2248818171703797,1.448136558493365,0.4484294312141265,-0.029838351935031152,true
0.2,3.2473684210526317,0.2617993877991494,1.312869621091599,0.34173427896947867,0.2304320403513722,1.208662103609275,1.389260384309681,0.4576794009399717,-0.08494891541908986,true
0.2,3.2473684210526317,0.4363323129985824,1.2074519096842413,0.3271884654228598,0.19422897544116388,1.1783284562811316,1.2741919338218781,0.47855767784158515,-0.12757280680144853,true
0.2,3.2473684210526317,0.6108652381980153,1.0630430856710709,0.3015342215743849,0.14785116651282437,1.1382892132647202,1.1100832047339246,0.515411518510881,-0.15243411624388026,true
0.2,3.2473684210526317,0.7853981633974483,0.8857604077094159,0.2614033248732906,0.09885134007733852,1.0943960344204102,0.9084891195072043,0.574873937791752,-0.1565817977023469,true
0.2,4.821052631578947,-0.7853981633974483,1.0728790220151168,0.3328562246463132,0.13367080777914223,1.125762681725031,0.9776086156401259,0.4825467779604138,0.1896600080016459,true
0.2,4.821052631578947,-0.6108652381980153,1.2620577107710855,0.3753968767947834,0.1958079250328376,1.1796676862851154,1.1952377547086301,0.42806958130748435,0.1809716410533723,true
0.2,4.821052631578947,-0.4363323129985824,1.4189569160331907,0.401398285066231,0.2524985005351838,1.2267831923643735,1.3665278167417303,0.3970042825509928,0.14991927633633914,true
0.2,4.821052631578947,-0.2617993877991494,1.535711682925372,0.4156942910097847,0.29628150064825326,1.2619679081839712,1.4851689207241816,0.38002140132751666,0.09936785783591949,true
0.2,4.821052631578947,-0.08726646259971647,1.5991940602143058,0.42185680037606493,0.32025069413265134,1.2808205917473898,1.5459199850495717,0.37255692096211873,0.03484473653144928,true
0.2,4.821052631578947,0.08726646259971647,1.5991940602142696,0.42185680037607154,0.3202506941326336,1.2808205917473758,1.5459199850495349,0.3725569209621211,-0.03484473653144851,true
0.2,4.821052631578947,0.2617993877991494,1.5357116829253818,0.41569429100978283,0.2962815006482581,1.261967908183975,1.485168920724192,0.3800214013275157,-0.09936785783592009,true
0.2,4.821052631578947,0.4363323129985824,1.4189569160331847,0.4013982850662323,0.2524985005351807,1.226783192364371,1.3665278167417227,0.3970042825509935,-0.14991927633633853,true
0.2,4.821052631578947,0.6108652381980153,1.2620577107710869,0.37539687679478306,0.19580792503283811,1.1796676862851159,1.1952377547086317,0.42806958130748396,-0.18097164105337257,true
0.2,4.821052631578947,0.7853981633974483,1.0728790220151239,0.332856224646311,0.13367080777914475,1.1257626817250332,0.9776086156401348,0.482546777960411,-0.18966000800164715,true
0.2,6.394736842105263,-0.7853981633974483,1.2020782975155753,0.3868453339568654,0.16260501766959612,1.151177673232274,1.0332498778227173,0.419613717372564,0.21249942900878938,true
0.2,6.394736842105263,-0.6108652381980153,1.3975825955186665,0.4292934146268091,0.23314875075131047,1.2109077179956682,1.2569364564093262,0.3719324582051324,0.20040511116183937,true
0.2,6.394736842105263,-0.4363323129985824,1.5625348081758537,0.45458409240790576,0.2973011613900064,1.2627756422942007,1.4319193652382272,0.3452112569743398,0.16508893614053186,true
0.2,6.394736842105263,-0.2617993877991494,1.6872816941675208,0.4682118191491613,0.3464249439506807,1.3010956490074896,1.5518814366554832,0.330996895186923,0.10917515923605657,true
0.2,6.394736842105263,-0.08726646259971647,1.7558270406461334,0.4740005354676464,0.3732380837894119,1.321543100887721,1.6130487040022892,0.32484938309655087,0.038257602471906,true
0.2,6.394736842105263,0.08726646259971647,1.7558270406460386,0.4740005354676607,0.3732380837893628,1.3215431008876835,1.6130487040021995,0.3248493830965556,-0.03825760247190398,true
0.2,6.394736842105263,0.2617993877991494,1.6872816941675137,0.4682118191491625,0.346424943950677,1.3010956490074868,1.5518814366554754,0.3309968951869236,-0.10917515923605617,true
0.2,6.394736842105263,0.4363323129985824,1.5625348081758474,0.45458409240790687,0.29730116139000334,1.2627756422941983,1.4319193652382207,0.3452112569743403,-0.16508893614053122,true
0.2,6.394736842105263,0.6108652381980153,1.3975825955186674,0.42929341462680887,0.23314875075131086,1.2109077179956684,1.2569364564093273,0.3719324582051322,-0.20040511116183957,true
0.2,6.394736842105263,0.7853981633974483,1.2020782975157334,0.3868453339568251,0.16260501766966434,1.151177673232333,1.0332498778229278,0.41961371737250885,-0.2124994290088163,true
0.2,7.968421052631578,-0.7853981633974483,1.297792762912427,0.42926890503027765,0.18627585911632386,1.171559523981805,1.0766550239829569,0.37483485284078316,0.2294195158075643,true
0.2,7.968421052631578,-0.6108652381980153,1.4972886987880485,0.470821590325539,0.2636227687878954,1.2358177606643055,1.304857747510741,0.332202936908789,0.21470237901219946,true
0.2,7.968421052631578,-0.4363323129985824,1.6684281893970987,0.4951156477843586,0.33312082524989006,1.2908298301791088,1.4810083617277363,0.30896558810584346,0.17627705532037533,true
0.2,7.968421052631578,-0.2617993877991494,1.799473873581777,0.508025200317932,0.3860652849084784,1.3312139458901708,1.601005537507675,0.29682043708094075,0.11643452742836718,true
0.2,7.968421052631578,-0.08726646259971647,1.8720416378740388,0.5134500985671283,0.41492885435428484,1.3527223324498396,1.6620632635304748,0.2916245384731554,0.04078979485089395,true
0.2,7.968421052631578,0.08726646259971647,1.8720416378740388,0.5134500985671283,0.414928854354285,1.3527223324498399,1.6620632635304748,0.2916245384731554,-0.04078979485089395,true
0.2,7.968421052631578,0.2617993877991494,1.7994738735816957,0.5080252003179431,0.38606528490843706,1.3312139458901395,1.6010055375076013,0.2968204370809437,-0.11643452742836195,true
0.2,7.968421052631578,0.4363323129985824,1.6684281893971031,0.49511564778435785,0.3331208252498928,1.2908298301791108,1.4810083617277419,0.30896558810584296,-0.17627705532037585,true
0.2,7.968421052631578,0.6108652381980153,1.4972886987880496,0.4708215903255389,0.2636227687878958,1.2358177606643057,1.304857747510742,0.33220293690878877,-0.2147023790121996,true
0.2,7.968421052631578,0.7853981633974483,1.297792762912428,0.42926890503027737,0.18627585911632458,1.1715595239818057,1.0766550239829586,0.3748348528407827,-0.22941951580756453,true
0.2,9.542105263157895,-0.7853981633974483,1.372042359178542,0.46373845379400724,0.20647978773010525,1.1886797615253377,1.1126571060143813,0.34080056986292706,0.24254511406276955,true
0.2,9.542105263157895,-0.6108652381980153,1.5746709823570726,0.5040838048968491,0.28901212345278454,1.2561943507678912,1.3431062781828196,0.3024561581208575,0.2257985426253964,true
0.2,9.542105263157895,-0.4363323129985824,1.7509125424596965,0.5273557119010891,0.3625097559046955,1.3133999816401642,1.5192333921219703,0.28195878278562814,0.18499190380239725,true
0.2,9.542105263157895,-0.2617993877991494,1.8871614647807977,0.5395964642256644,0.4183464417560467,1.355246429071875,1.6387778366671375,0.27137031984787874,0.12210833206725764,true
0.2,9.542105263157895,-0.08726646259971647,1.9630570060036854,0.5446974023270543,0.44878307368106735,1.3775217411576792,1.6995584678449802,0.2668752163347364,0.04277292285351504,true
0.2,9.542105263157895,0.08726646259971647,1.9630570060036854,0.5446974023270543,0.44878307368106773,1.3775217411576794,1.6995584678449807,0.2668752163347364,-0.04277292285351504,true
0.2,9.542105263157895,0.2617993877991494,1.8871614647807977,0.5395964642256644,0.41834644175604624,1.3552464290718749,1.6387778366671368,0.2713703198478788,-0.1221083320672576,true
0.2,9.542105263157895,0.4363323129985824,1.7509125424596965,0.5273557119010891,0.3625097559046955,1.3133999816401642,1.5192333921219703,0.28195878278562814,-0.18499190380239725,true
0.2,9.542105263157895,0.6108652381980153,1.5746709823570746,0.5040838048968488,0.2890121234527852,1.2561943507678917,1.3431062781828211,0.30245615812085735,-0.2257985426253966,true
0.2,9.542105263157895,0.7853981633974483,1.3720423591785411,0.4637384537940074,0.20647978773010492,1.1886797615253375,1.11265710601438,0.34080056986292734,-0.24254511406276932,true
0.2,11.11578947368421,-0.7853981633974483,1.4317478973182907,0.49245083413772067,0.22396363347256962,1.2032984945327339,1.1430114272463672,0.3139876368536612,0.2530996617862613,true
0.2,11.11578947368421,-0.6108652381980153,1.637065174225321,0.5315121749991698,0.31053573440274757,1.2732130492570495,1.3743403018010039,0.2792341597156222,0.23474550218213494,true
0.2,11.11578947368421,-0.4363323129985824,1.817658346903601,0.5538198351389623,0.38715342063878616,1.3320310961895874,1.549912797434714,0.2609027794069581,0.1920439027684275,true
0.2,11.11578947368421,-0.2617993877991494,1.958326528316382,0.5654611416799353,0.44527443522098287,1.3749723162456506,1.6688291539189608,0.251513047187296,0.12671305051432147,true
0.2,11.11578947368421,-0.08726646259971647,2.037049072088583,0.5702792123208474,0.4769664622380491,1.3978315078993564,1.729280744161004,0.24755122712699998,0.04438513122262485,true
0.2,11.11578947368421,0.08726646259971647,2.037049072088585,0.5702792123208472,0.47696646223804967,1.3978315078993568,1.729280744161005,0.24755122712699992,-0.04438513122262489,true
0.2,11.11578947368421,0.2617993877991494,1.958326528316382,0.5654611416799353,0.44527443522098287,1.3749723162456506,1.6688291539189608,0.251513047187296,-0.12671305051432147,true
0.2,11.11578947368421,0.4363323129985824,1.817658346903525,0.5538198351389716,0.38715342063874597,1.332031096189557,1.549912797434643,0.2609027794069608,-0.1920439027684196,true
0.2,11.11578947368421,0.6108652381980153,1.6370651742253195,0.53151217499917,0.3105357344027468,1.2732130492570488,1.3743403018010023,0.2792341597156225,-0.2347455021821347,true
0.2,11.11578947368421,0.7853981633974483,1.4317478973182918,0.4924508341377205,0.22396363347257026,1.2032984945327345,1.143011427246369,0.31398763685366105,-0.2530996617862614,true
0.2,12.689473684210526,-0.7853981633974483,1.4811059028938394,0.5168452544688551,0.23926030464244213,1.2159443282010713,1.1689380878664548,0.2922669732771548,0.2618250068986152,true
0.2,12.689473684210526,-0.6108652381980153,1.68882333085782,0.5546455605312057,0.3290545540436884,1.287675855204612,1.4003464218627766,0.2605162504891143,0.2421673169417321,true
0.2,12.689473684210526,-0.4363323129985824,1.8732053445100882,0.5760689977083167,0.4081828934473627,1.3477261542321215,1.5751291451924299,0.2439241050006682,0.19791269666326222,true
0.2,12.689473684210526,-0.2617993877991494,2.017697507489982,0.5871783684409508,0.4681749371887216,1.3915278920587468,1.6933864923461497,0.23547788842977274,0.1305546355481586,true
0.2,12.689473684210526,-0.08726646259971647,2.098865735836126,0.591749901563164,0.5009073663221711,1.4148550217760363,1.7535165474803773,0.2319319906183675,0.04573205053314889,true
0.2,12.689473684210526,0.08726646259971647,2.098865735836126,0.591749901563164,0.5009073663221711,1.4148550217760363,1.7535165474803773,0.2319319906183675,-0.04573205053314889,true
0.2,12.689473684210526,0.2617993877991494,2.017697507489984,0.5871783684409506,0.4681749371887232,1.391527892058748,1.6933864923461517,0.23547788842977269,-0.1305546355481588,true
0.2,12.689473684210526,0.4363323129985824,1.8732053445100882,0.5760689977083167,0.4081828934473627,1.3477261542321215,1.5751291451924299,0.2439241050006682,-0.19791269666326222,true
0.2,12.689473684210526,0.6108652381980153,1.6888233308578344,0.5546455605312038,0.32905455404369616,1.287675855204618,1.4003464218627921,0.26051625048911375,-0.24216731694173416,true
0.2,12.689473684210526,0.7853981633974483,1.4811059028938378,0.5168452544688553,0.23926030464244133,1.2159443282010707,1.1689380878664528,0.29226697327715523,-0.26182500689861493,true
0.2,14.263157894736842,-0.7853981633974483,1.5228115096411226,0.537906107820575,0.2527644382506508,1.2269999496742534,1.1913199128616636,0.2742753823965354,0.2691975862350204,true
0.2,14.263157894736842,-0.6108652381980153,1.7327063111219658,0.5745092587136645,0.3451929714741964,1.300148431116165,1.4223635725172843,0.24504396547228888,0.24845987780170523,true
0.2,14.263157894736842,-0.4363323129985824,1.9204336500556811,0.595129534394497,0.4263964943877468,1.361173386742311,1.5962729000538924,0.2298712555265714,0.20290258274364237,true
0.2,14.263157894736842,-0.2617993877991494,2.068283244252098,0.6057666288515842,0.4879606367100736,1.4056746684138273,1.713891266137457,0.22218457040897327,0.13382777356888056,true
0.2,14.263157894736842,-0.08726646259971647,2.15159778409042,0.6101222301424719,0.5215790060193053,1.429390783529826,1.7737263419131137,0.2189707385511685,0.04688102574084808,true
0.2,14.263157894736842,0.08726646259971647,2.151597784090422,0.6101222301424717,0.521579006019306,1.4293907835298265,1.7737263419131146,0.21897073855116844,-0.0468810257408481,true
0.2,14.263157894736842,0.2617993877991494,2.0682832442520946,0.6057666288515845,0.487960636710072,1.4056746684138264,1.7138912661374548,0.2221845704089733,-0.13382777356888045,true
0.2,14.263157894736842,0.4363323129985824,1.92043365005568,0.5951295343944971,0.42639649438774613,1.3611733867423106,1.5962729000538916,0.22987125552657145,-0.2029025827436423,true
0.2,14.263157894736842,0.6108652381980153,1.7327063111219658,0.5745092587136645,0.3451929714741964,1.300148431116165,1.4223635725172843,0.24504396547228888,-0.24845987780170523,true
0.2,14.263157894736842,0.7853981633974483,1.5228115096411248,0.5379061078205747,0.25276443825065165,1.226999949674254,1.1913199128616656,0.2742753823965352,-0.26919758623502077,true
0.2,15.836842105263157,-0.7853981633974483,1.5586656932053806,0.5563329329251556,0.2648004199402927,1.2367703262448255,1.2108728607439887,0.2590858229878187,0.275535770318329,true
0.2,15.836842105263157,-0.6108652381980153,1.7705625711616846,0.5918152015263142,0.35940760526035426,1.3110359302861667,1.4412610832707728,0.23199503234579968,0.25388824248396863,true
0.2,15.836842105263157,-0.4363323129985824,1.9612731446911038,0.6117074697163963,0.4423706208966681,1.3728587843596292,1.6143003861897525,0.21799693961949418,0.2072174618017759,true
0.2,15.836842105263157,-0.2617993877991494,2.1121063402063904,0.6219233826920388,0.5052781831690386,1.4179408895784638,1.7313122397525282,0.2109347814230388,0.1366633365304049,true
0.2,15.836842105263157,-0.08726646259971647,2.1973266048267215,0.6260885300081973,0.5396659138529593,1.4419888445160616,1.7908826807924056,0.20799163884617075,0.04787740807445344,true
0.2,15.836842105263157,0.08726646259971647,2.197326604826719,0.6260885300081975,0.539665913852958,1.4419888445160607,1.7908826807924039,0.2079916388461708,-0.04787740807445339,true
0.2,15.836842105263157,0.2617993877991494,2.1121063402063904,0.6219233826920388,0.5052781831690386,1.4179408895784638,1.7313122397525282,0.2109347814230388,-0.1366633365304049,true
0.2,15.836842105263157,0.4363323129985824,1.9612731446911038,0.6117074697163963,0.4423706208966681,1.3728587843596292,1.6143003861897525,0.21799693961949418,-0.2072174618017759,true
0.2,15.836842105263157,0.6108652381980153,1.7705625711616566,0.5918152015263174,0.3594076052603388,1.3110359302861547,1.441261083270745,0.23199503234580057,-0.25388824248396474,true
0.2,15.836842105263157,0.7853981633974483,1.5586656932053822,0.5563329329251554,0.2648004199402937,1.2367703262448264,1.2108728607439911,0.2590858229878186,-0.27553577031832943,true
0.2,17.410526315789475,-0.7853981633974483,1.5899430954208285,0.5726341275276827,0.27558802829145695,1.2454621859301345,1.2280615610166126,0.24607341846462083,0.28106488611966274,true
0.2,17.410526315789475,-0.6108652381980153,1.8036773905558792,0.6070756338210279,0.37205472630526326,1.3206473611777017,1.4576954168502734,0.22080387542576216,0.25863671250867404,true
0.2,17.410526315789475,-0.4363323129985824,1.9970726530455936,0.6263067348457219,0.4565353938629598,1.3831380219363587,1.6298960698580613,0.20779307490817395,0.21099984329955054,true
0.2,17.410526315789475,-0.2617993877991494,2.150580879654957,0.6361451551554135,0.5206176709999258,1.428718076459046,1.7463537528579454,0.20125177441828368,0.1391528224199249,true
0.2,17.410526315789475,-0.08726646259971647,2.237552695067288,0.6401376100054446,0.5555120497551806,1.4529363714613952,1.8054299658619077,0.19856378341379607,0.04875389176708958,true
0.2,17.410526315789475,0.08726646259971647,2.237552695067291,0.6401376100054443,0.5555120497551822,1.4529363714613963,1.8054299658619102,0.1985637834137959,-0.04875389176708964,true
0.2,17.410526315789475,0.2617993877991494,2.1505808796549593,0.6361451551554133,0.5206176709999261,1.4287180764590461,1.746353752857946,0.2012517744182837,-0.13915282241992505,true
0.2,17.410526315789475,0.4363323129985824,1.9970726530455958,0.6263067348457216,0.4565353938629607,1.3831380219363592,1.6298960698580625,0.20779307490817392,-0.21099984329955074,true
0.2,17.410526315789475,0.6108652381980153,1.8036773905558874,0.607075633821027,0.3720547263052685,1.3206473611777056,1.457695416850283,0.2208038754257615,-0.2586367125086751,true
0.2,17.410526315789475,0.7853981633974483,1.5899430954208291,0.5726341275276826,0.2755880282914571,1.2454621859301347,1.2280615610166132,0.24607341846462072,-0.2810648861196628,true
0.2,18.984210526315792,-0.7853981633974483,1.6175533599574832,0.5871920664341255,0.28532249498795614,1.2532537612050705,1.2432981600117092,0.234778187937197,0.2859457374408954,true
0.2,18.984210526315792,-0.6108652381980153,1.8329814712277723,0.620669077370927,0.38340058859796755,1.3292107346711022,1.472139312055475,0.2110735699547678,0.2628387450489493,true
0.2,18.984210526315792,-0.4363323129985824,2.028818308158492,0.6392971319845491,0.4691843397269708,1.3922530946110727,1.6435038285879409,0.19890906997518673,0.21435391669470086,true
0.2,18.984210526315792,-0.2617993877991494,2.184797026065257,0.6487911110369908,0.5341051428747405,1.4381273538011954,1.7591477551617247,0.19284436746212935,0.1413667700043744,true
0.2,18.984210526315792,-0.08726646259971647,2.273323512594017,0.6526317464295116,0.5695526667076543,1.4625680611251555,1.8179575982378537,0.1903490007362827,0.04953329980900891,true
0.2,18.984210526315792,0.08726646259971647,2.273323512594013,0.6526317464295119,0.5695526667076528,1.4625680611251544,1.8179575982378529,0.1903490007362823,-0.04953329980900879,true
0.2,18.984210526315792,0.2617993877991494,2.184797026065252,0.6487911110369913,0.5341051428747378,1.4381273538011934,1.7591477551617214,0.1928443674621294,-0.14136677000437398,true
0.2,18.984210526315792,0.4363323129985824,2.028818308158492,0.6392971319845491,0.4691843397269708,1.3922530946110727,1.6435038285879409,0.19890906997518673,-0.21435391669470086,true
0.2,18.984210526315792,0.6108652381980153,1.8329814712277723,0.620669077370927,0.38340058859796755,1.3292107346711022,1.472139312055475,0.2110735699547678,-0.2628387450489493,true
0.2,18.984210526315792,0.7853981633974483,1.6175533599574858,0.5871920664341251,0.28532249498795803,1.253253761205072,1.2432981600117132,0.23477818793719682,-0.28594573744089585,true
0.2,20.55789473684211,-0.7853981633974483,1.6421602363466987,0.6003006474805836,0.2941812052181153,1.2603025075095025,1.2569543033602255,0.22485314045031313,0.2902956597306828,true
0.2,20.55789473684211,-0.6108652381980153,1.859169374546177,0.6328820327624995,0.3936448206781707,1.3368955237110265,1.4849350750387884,0.20251756299224058,0.2665939361135086,true
0.2,20.55789473684211,-0.4363323129985824,2.0572449397439954,0.6509577730269592,0.48054389457585645,1.4003884422373576,1.6554563218545364,0.1910891178960625,0.2173573201013532,true
0.2,20.55789473684211,-0.2617993877991494,2.2154719320271066,0.6601400188049311,0.5462088489087099,1.446519166074267,1.7703708492395551,0.18542981156789978,0.14335158247088073,true
0.2,20.55789473684211,-0.08726646259971647,2.3054106893242823,0.6638442020924028,0.5821648459480588,1.471166099360689,1.828962156900319,0.18309652937187051,0.0502324452384389,true
0.2,20.55789473684211,0.08726646259971647,2.305410689324286,0.6638442020924026,0.5821648459480608,1.4711660993606903,1.8289621569003214,0.18309652937187043,-0.05023244523843895,true
0.2,20.55789473684211,0.2617993877991494,2.2154719320271097,0.6601400188049309,0.5462088489087122,1.4465191660742684,1.7703708492395571,0.18542981156789995,-0.1433515824708809,true
0.2,20.55789473684211,0.4363323129985824,2.0572449397439976,0.650957773026959,0.48054389457585744,1.4003884422373583,1.655456321854538,0.1910891178960625,-0.21735732010135342,true
0.2,20.55789473684211,0.6108652381980153,1.859169374546168,0.6328820327625004,0.3936448206781627,1.3368955237110205,1.4849350750387758,0.20251756299224136,-0.26659393611350773,true
0.2,20.55789473684211,0.7853981633974483,1.6421602363467003,0.6003006474805834,0.2941812052181165,1.2603025075095033,1.256954303360228,0.22485314045031302,-0.2902956597306831,true
0.2,22.13157894736842,-0.7853981633974483,1.6642894425803378,0.6121862282423052,0.30226399090838724,1.2666996415153158,1.2692227130865155,0.21605802111818692,0.2942075876782811,true
0.2,22.13157894736842,-0.6108652381980153,1.882765242435158,0.6439365733047646,0.40295774858600103,1.3438435538138311,1.496370504324015,0.1949183589094064,0.26997744456662653,true
0.2,22.13157894736842,-0.4363323129985824,2.0829510918039,0.6615008166292922,0.49066638473665963,1.407598227291337,1.6657989027628448,0.18416655529456144,0.22007329242592036,true
0.2,22.13157894736842,-0.2617993877991494,2.243188956976474,0.6704032266364239,0.557157767021531,1.4540686139405996,1.7803211496712865,0.17882505946224192,0.14514500595249716,true
0.2,22.13157894736842,-0.08726646259971647,2.334410986651868,0.6739845111842634,0.5936153277364521,1.4789288879083407,1.8387762693391818,0.1766255669614545,0.0508643308510145,true
0.2,22.13157894736842,0.08726646259971647,2.3344109866518727,0.6739845111842631,0.5936153277364548,1.4789288879083426,1.8387762693391867,0.1766255669614541,-0.0508643308510146,true
0.2,22.13157894736842,0.2617993877991494,2.2431889569764776,0.6704032266364237,0.5571577670215331,1.4540686139406012,1.7803211496712883,0.1788250594622421,-0.14514500595249735,true
0.2,22.13157894736842,0.4363323129985824,2.0829510918039,0.6615008166292922,0.49066638473665963,1.407598227291337,1.6657989027628448,0.18416655529456144,-0.22007329242592036,true
0.2,22.13157894736842,0.6108652381980153,1.8827652424351518,0.6439365733047652,0.4029577485859981,1.343843553813829,1.49637050432401,0.19491835890940645,-0.2699774445666258,true
0.2,22.13157894736842,0.7853981633974483,1.6642894425803387,0.6121862282423051,0.30226399090838735,1.266699641515316,1.269222713086516,0.21605802111818695,-0.29420758767828137,true
0.2,23.705263157894738,-0.7853981633974483,1.6843370921147909,0.6230297186392235,0.3096753193810737,1.272537087381005,1.2803113525028627,0.2081979837364796,0.29775154491147504,true
0.2,23.705263157894738,-0.6108652381980153,1.904186433559858,0.6540065928383966,0.41144835429686344,1.3501469210945265,1.5066181201490796,0.18811748116945826,0.27304911718228986,true
0.2,23.705263157894738,-0.4363323129985824,2.1063082502029467,0.6711007656430467,0.49991046701971315,1.414150251578661,1.6750944200203417,0.1779505284114024,0.22254108284600604,true
0.2,23.705263157894738,-0.2617993877991494,2.268396883482383,0.6797468925639808,0.5671563624430433,1.460928719990042,1.7892620720537011,0.17288733273313597,0.1467760788182244,true
0.2,23.705263157894738,-0.08726646259971647,2.3608097264541597,0.6832155345369082,0.6040376784954603,1.4859594062469113,1.84754443967586,0.17080996686794062,0.0514395312939201,true
0.2,23.705263157894738,0.08726646259971647,2.3608097264541548,0.6832155345369085,0.6040376784954589,1.4859594062469104,1.8475444396758576,0.17080996686794073,-0.05143953129392001,true
0.2,23.705263157894738,0.2617993877991494,2.268396883482386,0.6797468925639806,0.5671563624430441,1.4609287199900425,1.7892620720537018,0.17288733273313606,-0.14677607881822458,true
0.2,23.705263157894738,0.4363323129985824,2.1063082502029467,0.6711007656430467,0.49991046701971437,1.414150251578662,1.6750944200203433,0.17795052841140233,-0.22254108284600604,true
0.2,23.705263157894738,0.6108652381980153,1.9041864335598395,0.6540065928383982,0.4114483542968531,1.3501469210945187,1.506618120149062,0.18811748116945887,-0.2730491171822873,true
0.2,23.705263157894738,0.7853981633974483,1.6843370921147949,0.6230297186392231,0.3096753193810761,1.272537087381007,1.2803113525028675,0.2081979837364794,-0.29775154491147576,true
0.2,25.278947368421054,-0.7853981633974483,1.7025994412345822,0.6329782951259345,0.3165328866705325,1.2779146189549422,1.2904591644990884,0.20110945264935545,0.30097990263720986,true
0.2,25.278947368421054,-0.6108652381980153,1.9238131348673695,0.6632268721672648,0.4190701590929785,1.355780335498942,1.515562679473394,0.1820237452658275,0.2758634705290771,true
0.2,25.278947368421054,-0.4363323129985824,2.1276622261264464,0.6798922879386017,0.5083909521365056,1.4201344669691591,1.6834944175928315,0.17232971432890024,0.22479722789212084,true
0.2,25.278947368421054,-0.2617993877991494,2.291465416783986,0.6883024543151882,0.5763177713396049,1.4671862672090192,1.7973232886620623,0.16751394199468328,0.1482687227573167,true
0.2,25.278947368421054,-0.08726646259971647,2.384978853493574,0.6916680372682591,0.6135933827327164,1.4923762144630404,1.8554568980209996,0.16554341219877472,0.05196615084766935,true
0.2,25.278947368421054,0.08726646259971647,2.384978853493574,0.6916680372682591,0.6135933827327164,1.4923762144630404,1.8554568980209996,0.16554341219877472,-0.05196615084766935,true
0.2,25.278947368421054,0.2617993877991494,2.291465416783983,0.6883024543151884,0.5763177713396023,1.4671862672090175,1.797323288662059,0.16751394199468334,-0.14826872275731653,true
0.2,25.278947368421054,0.4363323129985824,2.127662226126442,0.679892287938602,0.5083909521365043,1.4201344669691582,1.6834944175928293,0.17232971432890032,-0.22479722789212048,true
0.2,25.278947368421054,0.6108652381980153,1.9238131348673695,0.6632268721672648,0.4190701590929785,1.355780335498942,1.515562679473394,0.1820237452658275,-0.2758634705290771,true
0.2,25.278947368421054,0.7853981633974483,1.7025994412345802,0.6329782951259347,0.3165328866705318,1.2779146189549417,1.290459164499087,0.2011094526493554,-0.3009799026372094,true
0.2,26.85263157894737,-0.7853981633974483,1.7193500922027292,0.6421477688584101,0.3228620287302228,1.2828577697694432,1.299698710048675,0.1946910751054085,0.30394102735936585,true
0.2,26.85263157894737,-0.6108652381980153,1.9418330227311522,0.6717173011743965,0.42610498935494245,1.3609592127031613,1.5237117269495548,0.17648577351494876,0.278447416293428,true
0.2,26.85263157894737,-0.4363323129985824,2.147294854000527,0.6879841159916112,0.5161896787094601,1.425615431110342,1.6911009299854254,0.1672179467595694,0.22687150465808692,true
0.2,26.85263157894737,-0.2617993877991494,2.312690561595778,0.6961763623287893,0.5847413006261967,1.4729163592214203,1.804619033079154,0.16262218929242897,0.1496420906841738,true
0.2,26.85263157894737,-0.08726646259971647,2.407219937870975,0.6994475772071764,0.6224067419516662,1.4982701638692486,1.8626544262535876,0.1607430371366695,0.05245076040380091,true
0.2,26.85263157894737,0.08726646259971647,2.407219937870973,0.6994475772071765,0.6224067419516667,1.4982701638692488,1.8626544262535865,0.16074303713666968,-0.05245076040380087,true
0.2,26.85263157894737,0.2617993877991494,2.3126905615957742,0.6961763623287895,0.5847413006261956,1.4729163592214196,1.8046190330791523,0.16262218929242916,-0.14964209068417358,true
0.2,26.85263157894737,0.4363323129985824,2.1472948540005286,0.6879841159916111,0.5161896787094603,1.425615431110342,1.6911009299854256,0.16721794675956944,-0.2268715046580871,true
0.2,26.85263157894737,0.6108652381980153,1.9418330227311638,0.6717173011743955,0.4261049893549511,1.3609592127031676,1.5237117269495675,0.1764857735149482,-0.2784474162934293,true
0.2,26.85263157894737,0.7853981633974483,1.7193500922027303,0.64214776885841,0.3228620287302235,1.2828577697694437,1.2996987100486768,0.19469107510540837,-0.3039410273593661,true
0.2,28.426315789473687,-0.7853981633974483,1.7348237227653631,0.6506325936182825,0.32866002946099093,1.2873694337365111,1.3080062235271017,0.18886765031744795,0.30667640463436213,true
0.2,28.426315789473687,-0.6108652381980153,1.958454017671616,0.6795709501225314,0.4326343522303855,1.3657484044963213,1.5311913470287404,0.1714221482408259,0.2808307690531558,true
0.2,28.426315789473687,-0.4363323129985824,2.165424323555764,0.6954661971672725,0.5234124150250578,1.430672859199962,1.6980581114644921,0.16253940602651876,0.22878696588507283,true
0.2,28.426315789473687,-0.2617993877991494,2.332301844454524,0.7034565665611584,0.5925535563596179,1.478210780887277,1.811306548302646,0.15813941652137176,0.15091103405856668,true
0.2,28.426315789473687,-0.08726646259971647,2.4277878945635654,0.7066400272416292,0.6305463725342103,1.503693035534424,1.8692038627961327,0.1563465894797048,0.052898914288368314,true
0.2,28.426315789473687,0.08726646259971647,2.427787894563571,0.7066400272416289,0.6305463725342123,1.5036930355344253,1.8692038627961363,0.15634658947970462,-0.052898914288368425,true
0.2,28.426315789473687,0.2617993877991494,2.3323018444545274,0.7034565665611582,0.5925535563596196,1.4782107808872782,1.811306548302647,0.15813941652137187,-0.15091103405856682,true
0.2,28.426315789473687,0.4363323129985824,2.165424323555762,0.6954661971672726,0.523412415025057,1.4306728591999616,1.6980581114644913,0.16253940602651876,-0.2287869658850726,true
0.2,28.426315789473687,0.6108652381980153,1.9584540176716543,0.6795709501225283,0.4326343522304057,1.365748404496336,1.5311913470287717,0.17142214824082555,-0.28083076905316123,true
0.2,28.426315789473687,0.7853981633974483,1.7348237227653687,0.650632593618282,0.3286600294609939,1.2873694337365136,1.3080062235271075,0.18886765031744784,-0.30667640463436313,true
0.2,30.0,-0.7853981633974483,1.7491771884368366,0.6585152820952953,0.3339969126697982,1.29150835279389,1.3155222112890372,0.18355156414782095,0.30921376286167224,true
0.2,30.0,-0.6108652381980153,1.9738606344857892,0.686863930401634,0.4386905888285308,1.3701756009986872,1.5380394023696464,0.1667746937437645,0.2830399871432185,true
0.2,30.0,-0.4363323129985824,2.1822335866273956,0.7024127781693232,0.5301370786200423,1.4353655134639638,1.7044670234736148,0.15823457577044783,0.2305629412697282,true
0.2,30.0,-0.2617993877991494,2.3505025072386325,0.7102149650466354,0.5998087363629839,1.4831107419005622,1.8174398476339193,0.15401381751058962,0.1520887035977302,true
0.2,30.0,-0.08726646259971647,2.4468871730786232,0.7133168823146252,0.6380938614321214,1.5087039878387014,1.8751936545976258,0.15230011078481528,0.05331506723854359,true
0.2,30.0,0.08726646259971647,2.4468871730786286,0.7133168823146249,0.6380938614321241,1.5087039878387034,1.8751936545976304,0.15230011078481506,-0.05331506723854374,true
0.2,30.0,0.2617993877991494,2.3505025072386325,0.7102149650466354,0.5998087363629839,1.4831107419005622,1.8174398476339193,0.15401381751058962,-0.1520887035977302,true
0.2,30.0,0.4363323129985824,2.182233586627399,0.702412778169323,0.5301370786200431,1.4353655134639645,1.7044670234736161,0.15823457577044786,-0.23056294126972857,true
0.2,30.0,0.6108652381980153,1.9738606344857892,0.686863930401634,0.4386905888285308,1.3701756009986872,1.5380394023696464,0.1667746937437645,-0.2830399871432185,true
0.2,30.0,0.7853981633974483,1.74917718843684,0.658515282095295,0.3339969126697992,1.2915083527938909,1.3155222112890395,0.18355156414782078,-0.30921376286167285,true
0.2,40.0,-0.7853981633974483,1.8207951277892815,0.6982720490417501,0.36099758470428656,1.3122481356067517,1.3523315529102502,0.15776743472360777,0.3218741455028659,true
0.2,40.0,-0.6108652381980153,2.0509684606256307,0.7235701259485866,0.4692168539843337,1.392276448061541,1.5713979425092812,0.14409977806382218,0.29409679516090775,true
0.2,40.0,-0.4363323129985824,2.2665881796563587,0.737348066229232,0.563901325461379,1.4586989582936665,1.735476858182587,0.13716316158654973,0.23947538913545016,true
0.2,40.0,-0.2617993877991494,2.442008616611015,0.7442004228442188,0.6362440146486497,1.507477372744164,1.8471058570638055,0.13376787074012358,0.1580095845507094,true
0.2,40.0,-0.08726646259971647,2.542983159417663,0.7468968673851605,0.6761515847688416,1.533721998824434,1.9043542443390757,0.1324018358787714,0.055408896497324465,true
0.2,40.0,0.08726646259971647,2.542983159417663,0.7468968673851605,0.6761515847688416,1.533721998824434,1.9043542443390757,0.1324018358787714,-0.055408896497324465,true
0.2,40.0,0.2617993877991494,2.4420086166110035,0.7442004228442194,0.6362440146486442,1.5074773727441604,1.8471058570637988,0.1337678707401237,-0.15800958455070874,true
0.2,40.0,0.4363323129985824,2.266588179656365,0.7373480662292317,0.5639013254613809,1.4586989582936678,1.73547685818259,0.13716316158654976,-0.23947538913545063,true
0.2,40.0,0.6108652381980153,2.050968460625708,0.7235701259485814,0.4692168539843765,1.392276448061572,1.5713979425093423,0.14409977806382193,-0.2940967951609189,true
0.2,40.0,0.7853981633974483,1.8207951277892882,0.6982720490417496,0.3609975847042899,1.3122481356067544,1.3523315529102564,0.15776743472360755,-0.32187414550286714,true
0.2,50.0,-0.7853981633974483,1.8708433317006794,0.7264424498062114,0.38019419735424465,1.3267962898279668,1.3773145606584147,0.14044315225902657,0.33072150159386,true
0.2,50.0,-0.6108652381980153,2.1050878866289384,0.7495127674955279,0.4908079868255445,1.4076988220680944,1.5938645425473792,0.12873561276420542,0.301857202053184,true
0.2,50.0,-0.4363323129985824,2.3260060624392724,0.7620176725876125,0.5876976608521529,1.47492214089839,1.756225545946848,0.12281180902763945,0.24575315971658254,true
0.2,50.0,-0.2617993877991494,2.5066374946714403,0.7681981031285922,0.6619203123293559,1.5244148466638603,1.8669312241949652,0.11993127299559472,0.16219138066747135,true
0.2,50.0,-0.08726646259971647,2.6109726245256732,0.7706113470917255,0.7029499704559581,1.5510963673831026,1.923798972133735,0.11878359593842536,0.05689031459515903,true
0.2,50.0,0.08726646259971647,2.6109726245256706,0.7706113470917256,0.7029499704559571,1.551096367383102,1.923798972133734,0.11878359593842538,-0.05689031459515899,true
0.2,50.0,0.2617993877991494,2.5066374946714376,0.7681981031285923,0.6619203123293543,1.5244148466638594,1.8669312241949623,0.11993127299559489,-0.16219138066747113,true
0.2,50.0,0.4363323129985824,2.32600606243927,0.7620176725876127,0.5876976608521521,1.4749221408983895,1.7562255459468465,0.1228118090276396,-0.24575315971658224,true
0.2,50.0,0.6108652381980153,2.105087886628935,0.7495127674955281,0.4908079868255431,1.4076988220680933,1.5938645425473765,0.1287356127642055,-0.30185720205318356,true
0.2,50.0,0.7853981633974483,1.8708433317006778,0.7264424498062115,0.3801941973542435,1.326796289827966,1.3773145606584127,0.14044315225902665,-0.3307215015938598,true
0.2,60.0,-0.7853981633974483,1.9084285419671458,0.7477812760078305,0.3947423967903077,1.3377162604870043,1.3956075208116272,0.12779063393743356,0.3373656908546503,true
0.2,60.0,-0.6108652381980153,2.1458660899744855,0.7691333698366744,0.507083703524864,1.4192136579990058,1.610175571081726,0.11744984548439642,0.3077045561915692,true
0.2,60.0,-0.4363323129985824,2.370887432301754,0.7806669233766947,0.605594086934615,1.4870064471553683,1.7712199684667884,0.1122295811179188,0.2504950813422564,true
0.2,60.0,-0.2617993877991494,2.5555405707191188,0.7863406087329402,0.6812561537545766,1.5370466185571017,1.8812781514716852,0.10970154700331308,0.16535564251934173,true
0.2,60.0,-0.08726646259971647,2.662489983403861,0.7885419903537604,0.7230967830769023,1.5640311909135631,1.9378189648126163,0.10870641263989335,0.05801282301414693,true
0.2,60.0,0.08726646259971647,2.662489983403861,0.7885419903537604,0.7230967830769023,1.5640311909135631,1.9378189648126163,0.10870641263989335,-0.05801282301414693,true
0.2,60.0,0.2617993877991494,2.5555405707191454,0.7863406087329391,0.6812561537545888,1.53704661855711,1.881278151471702,0.10970154700331272,-0.1653556425193437,true
0.2,60.0,0.4363323129985824,2.370887432301764,0.7806669233766943,0.6055940869346206,1.487006447155372,1.7712199684667937,0.11222958111791892,-0.25049508134225745,true
0.2,60.0,0.6108652381980153,2.1458660899744877,0.7691333698366742,0.5070837035248644,1.4192136579990062,1.6101755710817267,0.11744984548439641,-0.30770455619156944,true
0.2,60.0,0.7853981633974483,1.908428541967154,0.74778127600783,0.3947423967903118,1.3377162604870074,1.3956075208116343,0.12779063393743348,-0.3373656908546518,true
0.3,-2.0,-0.7853981633974483,-1.832554510299454,-0.3537187707568561,-0.11891957127759857,0.8730182452638412,0.6116151749996951,1.5650751648605878,-0.3239529299864977,true
0.3,-2.0,-0.6108652381980153,-2.983291201337962,-0.49096794468747096,-0.18616486083852524,0.7922564474141223,0.6675249317759298,1.829638688563732,-0.42778638364806093,true
0.3,-2.0,-0.4363323129985824,-4.154209137561463,-0.5902062975251716,-0.2435528271026883,0.7161664219139704,0.6913259393962792,2.084713249831197,-0.4389111619445499,true
0.3,-2.0,-0.2617993877991494,-4.999588050355459,-0.6368479346481984,-0.2794619407341954,0.664135617507587,0.6949269698256993,2.275165251094239,-0.3234971512481725,true
0.3,-2.0,-0.08726646259971647,-5.409775184167253,-0.6509365590105893,-0.29548124593502434,0.6395603953043308,0.6929586363884866,2.3733800972895267,-0.11787324400492245,true
0.3,-2.0,0.08726646259971647,-5.409775184167253,-0.6509365590105893,-0.29548124593502434,0.6395603953043308,0.6929586363884866,2.3733800972895267,0.11787324400492245,true
0.3,-2.0,0.2617993877991494,-4.999588050391548,-0.6368479346541059,-0.2794619407358439,0.6641356175047982,0.6949269698260087,2.2751652511006086,0.32349715124991546,true
0.3,-2.0,0.4363323129985824,-4.154209137564094,-0.5902062975256751,-0.24355282710278786,0.7161664219137921,0.6913259393962788,2.0847132498317276,0.4389111619448319,true
0.3,-2.0,0.6108652381980153,-2.983291201337825,-0.49096794468743654,-0.18616486083851663,0.792256447414127,0.6675249317759142,1.8296386885637024,0.42778638364804134,true
0.3,-2.0,0.7853981633974483,-1.8325545103004368,-0.3537187707572191,-0.1189195712776566,0.8730182452637593,0.6116151749997336,1.5650751648608223,0.32395292998665826,true
0.3,-1.0,-0.7853981633974483,-0.6467052566175197,-0.1372820728539772,-0.05487567111426938,0.9435298923571324,0.652810450080947,1.2318734568951906,-0.11432241809573011,true
0.3,-1.0,-0.6108652381980153,-0.9285245323120489,-0.1763381228138504,-0.08492453270066197,0.9111261902257991,0.7324493057583499,1.3155856251328384,-0.1331449481034915,true
0.3,-1.0,-0.4363323129985824,-1.1926828631813287,-0.20499925422954066,-0.11328626739082316,0.8794472499157573,0.7848767590348715,1.3914289032033524,-0.1260123896420943,true
0.3,-1.0,-0.2617993877991494,-1.393568098647906,-0.22213820270946696,-0.13464230370175428,0.8548189258669664,0.8148602221641026,1.4487084149438407,-0.09017049113417103,true
0.3,-1.0,-0.08726646259971647,-1.5006930376719072,-0.2297071772316753,-0.145900693346267,0.8415453706234507,0.8280547866119227,1.4794042421655533,-0.03269850412575936,true
0.3,-1.0,0.08726646259971647,-1.5006930376716863,-0.22970717723158465,-0.14590069334624253,0.841545370623498,0.8280547866119509,1.479404242165483,0.032698504125753404,true
0.3,-1.0,0.2617993877991494,-1.393568098647902,-0.22213820270946522,-0.1346423037017539,0.8548189258669668,0.8148602221641017,1.4487084149438396,0.09017049113417058,true
0.3,-1.0,0.4363323129985824,-1.1926828631814774,-0.20499925422961565,-0.11328626739083829,0.8794472499157358,0.7848767590348841,1.3914289032033909,0.1260123896421091,true
0.3,-1.0,0.6108652381980153,-0.9285245323120489,-0.1763381228138504,-0.08492453270066197,0.9111261902257991,0.7324493057583499,1.3155856251328384,0.1331449481034915,true
0.3,-1.0,0.7853981633974483,-0.646705256617529,-0.13728207285398533,-0.054875671114270344,0.9435298923571313,0.6528104500809498,1.2318734568951935,0.11432241809573171,true
0.3,0.1,-0.7853981633974483,0.0488821768527182,0.011241416191816974,0.00528191492511524,1.0052680388044493,0.7129621167015308,0.9806382183418999,0.008641229672061067,true
0.3,0.1,-0.6108652381980153,0.06526619091907437,0.013766809520393608,0.008213770631763168,1.0081803118718575,0.8283663450293901,0.9752628648004041,0.009358787286870365,true
0.3,0.1,-0.4363323129985824,0.07960867350968291,0.015525475526712552,0.01113316327842857,1.011071870123715,0.9189684619309262,0.9709113693003618,0.00841101980383609,true
0.3,0.1,-0.2617993877991494,0.09023573434344716,0.016565362705665294,0.013490219201327553,1.0134004336354194,0.9814412976154531,0.9678876357559382,0.005838681805506857,true
0.3,0.1,-0.08726646259971647,0.0001629585156139421,0.9594776797950276,-0.00002271430837581953,0.9999771597152932,0.04036570133678113,0.9999454032217285,4.2943364909998535e-6,true
0.3,0.1,0.08726646259971647,0.00016311079611054094,0.9594587506887744,-0.00002277916410238906,0.9999771160626694,0.04038403054057772,0.9999453666789485,-3.22752940626682e-6,true
0.3,0.1,0.2617993877991494,0.09023573434344716,0.016565362705665294,0.013490219201327553,1.0134004336354194,0.9814412976154531,0.9678876357559382,-0.005838681805506857,true
0.3,0.1,0.4363323129985824,0.07960867350980971,0.015525475525928567,0.01113316327845699,1.0110718701237429,0.9189684619316983,0.9709113693003255,-0.00841101980384951,true
0.3,0.1,0.6108652381980153,0.06526619091906224,0.013766809520485312,0.008213770631760726,1.0081803118718553,0.8283663450293095,0.9752628648004082,-0.009358787286868628,true
0.3,0.1,0.7853981633974483,0.0488821770375684,0.011241414322299005,0.00528191495540096,1.0052680388345734,0.7129621180952856,0.9806382182783998,-0.008641229704653135,true
0.3,1.6736842105263159,-0.7853981633974483,0.6041192207176364,0.15035097169607484,0.08259001036950288,1.0794350470349634,0.8018788001165787,0.7492311674491129,0.10679419943261531,true
0.3,1.6736842105263159,-0.6108652381980153,0.7625069910112863,0.1760124762066277,0.12671461016066765,1.1195665323218225,0.9588766188720833,0.7039185758563159,0.10933901056532387,true
0.3,1.6736842105263159,-0.4363323129985824,0.8972233823900037,0.19213680914898384,0.16994779959261994,1.1575385951169708,1.0861852524236892,0.6740771881155864,0.09479574656521302,true
0.3,1.6736842105263159,-0.2617993877991494,0.9974984189586844,0.20076301950199876,0.2046207386749735,1.1871147700637599,1.1757241805415999,0.6566196845169368,0.06454289705764464,true
0.3,1.6736842105263159,-0.08726646259971647,1.0516814161083579,0.20427846026503443,0.22392464091349146,1.203266086513862,1.2218803612372513,0.6487489335654846,0.02291501847089883,true
0.3,1.6736842105263159,0.08726646259971647,1.051681416114963,0.2042784602625356,0.22392464091644826,1.2032660865159357,1.221880361241296,0.6487489335640373,-0.022915018471011257,true
0.3,1.6736842105263159,0.2617993877991494,0.9974984189586844,0.20076301950199876,0.2046207386749735,1.1871147700637599,1.1757241805415999,0.6566196845169368,-0.06454289705764464,true
0.3,1.6736842105263159,0.4363323129985824,0.8972233823900037,0.19213680914898404,0.16994779959261982,1.1575385951169705,1.0861852524236888,0.6740771881155867,-0.09479574656521296,true
0.3,1.6736842105263159,0.6108652381980153,0.7625069910110058,0.17601247620677912,0.1267146101605701,1.1195665323217356,0.9588766188718026,0.7039185758563885,-0.10933901056528503,true
0.3,1.6736842105263159,0.7853981633974483,0.6041192207175339,0.15035097169614692,0.08259001036947525,1.0794350470349379,0.8018788001164746,0.7492311674491494,-0.10679419943259745,true
0.3,3.2473684210526317,-0.7853981633974483,0.9286096987671945,0.24374924029234749,0.1467197403385353,1.1372948081540617,0.8725964395130403,0.6128262919608133,0.16415655374818588,true
0.3,3.2473684210526317,-0.6108652381980153,1.1398572137370346,0.2767392039108952,0.21871716331064073,1.1989304928224995,1.0472351902843353,0.5657378257742829,0.1634488096696013,true
0.3,3.2473684210526317,-0.4363323129985824,1.3221801131606425,0.29594949017685485,0.28751760015300115,1.2550040640854665,1.185733227719445,0.5381366203169279,0.1396943657038311,true
0.3,3.2473684210526317,-0.2617993877991494,1.4615127267030648,0.30546883030367883,0.342136574571781,1.2977954958819706,1.281802297101836,0.5233768074879704,0.09456683209069648,true
0.3,3.2473684210526317,-0.08726646259971647,1.5385367974368114,0.3090542714641385,0.37245920040399605,1.3209535952564324,1.330979221226052,0.5171504259886356,0.03352307932708764,true
0.3,3.2473684210526317,0.08726646259971647,1.5385367974365807,0.30905427146419023,0.3724592004038836,1.3209535952563471,1.3309792212259155,0.5171504259886549,-0.03352307932708275,true
0.3,3.2473684210526317,0.2617993877991494,1.4615127267030301,0.30546883030368693,0.34213657457176455,1.297795495881958,1.2818022971018144,0.5233768074879735,-0.09456683209069432,true
0.3,3.2473684210526317,0.4363323129985824,1.3221801131614823,0.2959494901766313,0.2875176001533926,1.2550040640857754,1.1857332277200407,0.5381366203167861,-0.13969436570391608,true
0.3,3.2473684210526317,0.6108652381980153,1.1398572137370042,0.2767392039109048,0.21871716331062674,1.1989304928224878,1.0472351902843084,0.5657378257742871,-0.16344880966959713,true
0.3,3.2473684210526317,0.7853981633974483,0.9286096987671945,0.24374924029234749,0.1467197403385353,1.1372948081540617,0.8725964395130403,0.6128262919608133,-0.16415655374818588,true
0.3,4.821052631578947,-0.7853981633974483,1.143632970340957,0.31120910892625686,0.19835568804784498,1.181825442312891,0.9249534478999609,0.526565646135141,0.2021676571328209,true
0.3,4.821052631578947,-0.6108652381980153,1.3828533758983428,0.34618841545942497,0.29014432892372527,1.2570953256846455,1.1077564981881491,0.48347366691888427,0.19829302786014397,true
0.3,4.821052631578947,-0.4363323129985824,1.5939211341896848,0.36556553624667787,0.3759094888309491,1.3235629859089781,1.249306755672577,0.4602495680801053,0.16840504475840368,true
0.3,4.821052631578947,-0.2617993877991494,1.7589274288901522,0.3746700260335814,0.44387127175046215,1.3739514341613404,1.3468650362787047,0.44846540268242185,0.11381097937089248,true
0.3,4.821052631578947,-0.08726646259971647,1.8516953385348607,0.37788653075200546,0.48189086431049843,1.401349966503907,1.396923971994319,0.44365058664351237,0.040346470643102414,true
0.3,4.821052631578947,0.08726646259971647,1.851695338534858,0.3778865307520059,0.4818908643104973,1.4013499665039064,1.3969239719943178,0.4436505866435121,-0.04034647064310236,true
0.3,4.821052631578947,0.2617993877991494,1.758927428890209,0.37467002603357125,0.44387127175049124,1.3739514341613615,1.346865036278734,0.44846540268241947,-0.11381097937089611,true
0.3,4.821052631578947,0.4363323129985824,1.5939211341895365,0.3655655362467074,0.37590948883087416,1.323562985908921,1.2493067556724888,0.4602495680801173,-0.16840504475838838,true
0.3,4.821052631578947,0.6108652381980153,1.3828533758983401,0.34618841545942575,0.2901443289237238,1.2570953256846444,1.1077564981881471,0.48347366691888466,-0.19829302786014355,true
0.3,4.821052631578947,0.7853981633974483,1.1436329703409536,0.31120910892625786,0.19835568804784368,1.1818254423128902,0.9249534478999585,0.5265656461351418,-0.20216765713282023,true
0.3,6.394736842105263,-0.7853981633974483,1.2986306150628666,0.36269624421395147,0.24151519702601176,1.217797353418417,0.96619768633855,0.46640745663669997,0.22956762868683653,true
0.3,6.394736842105263,-0.6108652381980153,1.5565635263031732,0.39770734498295734,0.3469816740917987,1.3015234720107103,1.1513027101896414,0.4285313111073174,0.22320204011658806,true
0.3,6.394736842105263,-0.4363323129985824,1.7884040901155092,0.4164933938739614,0.44554042482433687,1.3751657535237956,1.2939451771614072,0.40870091769463346,0.18895305697512282,true
0.3,6.394736842105263,-0.2617993877991494,1.9728625199128331,0.42496630377417544,0.5235062616779508,1.4307384538600936,1.3917531461611299,0.39909368963605674,0.12765359838076762,true
0.3,6.394736842105263,-0.08726646259971647,2.0778849395317684,0.427790342765462,0.5672110310157762,1.4609661398520486,1.441912975697104,0.39533053314327676,0.045274901315647174,true
0.3,6.394736842105263,0.08726646259971647,2.0778849395325274,0.4277903427653576,0.567211031016166,1.4609661398523168,1.4419129756974116,0.3953305331432833,-0.04527490131566364,true
0.3,6.394736842105263,0.2617993877991494,1.9728625199128298,0.4249663037741759,0.523506261677949,1.4307384538600925,1.3917531461611286,0.39909368963605657,-0.12765359838076745,true
0.3,6.394736842105263,0.4363323129985824,1.7884040901155949,0.41649339387394746,0.44554042482438067,1.3751657535238275,1.2939451771614505,0.40870091769463135,-0.1889530569751316,true
0.3,6.394736842105263,0.6108652381980153,1.5565635263031847,0.3977073449829552,0.3469816740918039,1.3015234720107143,1.1513027101896482,0.42853131110731585,-0.2232020401165895,true
0.3,6.394736842105263,0.7853981633974483,1.298630615063035,0.36269624421391006,0.24151519702609156,1.2177973534184823,0.9661976863386859,0.4664074566366645,-0.22956762868686467,true
0.3,7.968421052631578,-0.7853981633974483,1.4172513056545215,0.4035798692556183,0.2774429913329182,1.2469506737131786,0.9983567578204924,0.4224268690431117,0.2505370022346778,true
0.3,7.968421052631578,-0.6108652381980153,1.6891073378194503,0.4379460972747045,0.3940389412424867,1.3371902941022629,1.184853978616751,0.3885775020816421,0.24220804152337896,true
0.3,7.968421052631578,-0.4363323129985824,1.9373612075327893,0.4559441917261787,0.5023185763036399,1.4158520941674304,1.327296594174936,0.37149346820727075,0.20469105646906569,true
0.3,7.968421052631578,-0.2617993877991494,2.1375618698098653,0.4637967626642574,0.5879836389385261,1.4751160218022377,1.4247371711601318,0.3635284918457773,0.13831043050896744,true
0.3,7.968421052631578,-0.08726646259971647,2.2526493872598765,0.46627636207009493,0.6361304305400738,1.5074020239260637,1.4747444266268734,0.36053206884510747,0.04908283259231616,true
0.3,7.968421052631578,0.08726646259971647,2.252649387259832,0.4662763620701002,0.6361304305400509,1.5074020239260482,1.4747444266268563,0.3605320688451072,-0.049082832592315245,true
0.3,7.968421052631578,0.2617993877991494,2.13756186980958,0.4637967626642931,0.5879836389383782,1.4751160218021364,1.4247371711600174,0.3635284918457746,-0.1383104305089492,true
0.3,7.968421052631578,0.4363323129985824,1.9373612075323159,0.45594419172624523,0.5023185763033884,1.4158520941672514,1.3272965941747168,0.371493468207271,-0.2046910564690158,true
0.3,7.968421052631578,0.6108652381980153,1.6891073378191548,0.43794609727475364,0.39403894124233235,1.3371902941021467,1.1848539786165697,0.3885775020816817,-0.24220804152333827,true
0.3,7.968421052631578,0.7853981633974483,1.4172513056545604,0.40357986925561,0.27744299133293737,1.246950673713194,0.9983567578205205,0.4224268690431028,-0.2505370022346845,true
0.3,9.542105263157895,-0.7853981633974483,1.5117991623634872,0.4370887264636544,0.30838461153813956,1.2715224036696933,1.0248447485620475,0.38838895262240114,0.2672508599085779,true
0.3,9.542105263157895,-0.6108652381980153,1.7948688321892998,0.47054416725776743,0.4337701423388467,1.3665797763519116,1.2115190362841475,0.3579843264264807,0.2573736169153402,true
0.3,9.542105263157895,-0.4363323129985824,2.056702401826467,0.4877429848954689,0.5497298248502092,1.448951224071839,1.353231612506798,0.34307691129166307,0.21729999849158502,true
0.3,9.542105263157895,-0.2617993877991494,2.2701091486353207,0.4950394040037704,0.6415884643200473,1.5110185070658848,1.4501142731843963,0.33635589278145733,0.14688687052459756,true
0.3,9.542105263157895,-0.08726646259971647,2.393725818880377,0.49722824172434754,0.6933643675172955,1.5449041181049765,1.4999025760422005,0.3339273907022065,0.05215673789067191,true
0.3,9.542105263157895,0.08726646259971647,2.393725818880444,0.4972282417243406,0.69336436751733,1.5449041181049992,1.4999025760422218,0.3339273907022075,-0.05215673789067334,true
0.3,9.542105263157895,0.2617993877991494,2.2701091486351905,0.4950394040037849,0.641588464319981,1.5110185070658397,1.4501142731843464,0.33635589278145633,-0.1468868705245896,true
0.3,9.542105263157895,0.4363323129985824,2.0567024018264504,0.4877429848954709,0.5497298248502005,1.4489512240718332,1.3532316125067911,0.343076911291663,-0.21729999849158327,true
0.3,9.542105263157895,0.6108652381980153,1.7948688321892998,0.47054416725776743,0.4337701423388467,1.3665797763519116,1.2115190362841475,0.3579843264264807,-0.2573736169153402,true
0.3,9.542105263157895,0.7853981633974483,1.5117991623634521,0.43708872646366087,0.30838461153812124,1.2715224036696788,1.0248447485620216,0.3883889526224056,-0.267250859908572,true
0.3,11.11578947368421,-0.7853981633974483,1.5895288961935023,0.4652151998616097,0.3353785984421038,1.2925777331194608,1.047062032325531,0.3611533498377563,0.2809916655861374,true
0.3,11.11578947368421,-0.6108652381980153,1.8820185010321815,0.497683703212023,0.4678668238827786,1.3913064530243557,1.2332497028823939,0.3336497231573307,0.2698703665168501,true
0.3,11.11578947368421,-0.4363323129985824,2.15541044102144,0.5141310753611167,0.5901047551071621,1.4765532534389014,1.374049753508498,0.32047368654786973,0.2277289534808518,true
0.3,11.11578947368421,-0.2617993877991494,2.3801635332451583,0.5209404921834553,0.6871103876352475,1.5408506663696027,1.4703381384567071,0.31471396924070333,0.15400791309850576,true
0.3,11.11578947368421,-0.08726646259971647,2.511165823576744,0.5228847330118142,0.7419402030375152,1.5760331231483702,1.5198983457291542,0.3127180823283883,0.054715630618505345,true
0.3,11.11578947368421,0.08726646259971647,2.511165823576744,0.5228847330118142,0.7419402030375152,1.5760331231483702,1.5198983457291542,0.3127180823283883,-0.054715630618505345,true
0.3,11.11578947368421,0.2617993877991494,2.3801635332451583,0.5209404921834553,0.6871103876352475,1.5408506663696027,1.4703381384567071,0.31471396924070333,-0.15400791309850576,true
0.3,11.11578947368421,0.4363323129985824,2.1554104410213384,0.5141310753611281,0.5901047551071077,1.4765532534388646,1.3740497535084624,0.3204736865478671,-0.22772895348084096,true
0.3,11.11578947368421,0.6108652381980153,1.8820185010321815,0.497683703212023,0.4678668238827786,1.3913064530243557,1.2332497028823939,0.3336497231573307,-0.2698703665168501,true
0.3,11.11578947368421,0.7853981633974483,1.5895288961999279,0.4652151998605288,0.33537859844586676,1.292577733122297,1.047062032329586,0.36115334983765246,-0.2809916655873088,true
0.3,12.689473684210526,-0.7853981633974483,1.6549717843292822,0.4892733854179501,0.35917652878167533,1.3108596642386423,1.0659700431724102,0.3387883666043872,0.2925604419488846,true
0.3,12.689473684210526,-0.6108652381980153,1.9555861317585892,0.5207610033507637,0.49753405175943005,1.4124687973195256,1.2513307187152611,0.31372170292793233,0.2804195311649169,true
0.3,12.689473684210526,-0.4363323129985824,2.2390130355549993,0.5365202171381857,0.6250369835500182,1.5000246554875247,1.3911799249396,0.3019417753720543,0.23656194928588692,true
0.3,12.689473684210526,-0.2617993877991494,2.473684731389863,0.542904872987144,0.726432575255892,1.5661625550467648,1.4869009438464933,0.29693973935674145,0.1600591798621127,true
0.3,12.689473684210526,-0.08726646259971647,2.6111850497399365,0.5446421849363018,0.7838974256523857,1.602434039645186,1.536249507063832,0.29528083775571645,0.056894943116457104,true
0.3,12.689473684210526,0.08726646259971647,2.611185049739961,0.5446421849362997,0.7838974256523991,1.6024340396451944,1.536249507063839,0.295280837755717,-0.056894943116457646,true
0.3,12.689473684210526,0.2617993877991494,2.473684731389552,0.5429048729871727,0.7264325752557266,1.5661625550466585,1.4869009438463971,0.29693973935673557,-0.16005917986209245,true
0.3,12.689473684210526,0.4363323129985824,2.2390130355549993,0.5365202171381857,0.6250369835500182,1.5000246554875247,1.3911799249396,0.3019417753720543,-0.23656194928588692,true
0.3,12.689473684210526,0.6108652381980153,1.9555861317589642,0.5207610033507177,0.4975340517596283,1.4124687973196695,1.2513307187154703,0.31372170292790297,-0.2804195311649674,true
0.3,12.689473684210526,0.7853981633974483,1.6549717843290304,0.4892733854179889,0.3591765287816833,1.3108596642386405,1.0659700431725447,0.33878836660477285,-0.2925604419488957,true
0.3,14.263157894736842,-0.7853981633974483,1.7111154712816847,0.5101683853269319,0.38034120586980014,1.3269070848151667,1.0822562900795643,0.3200381089073526,0.30248533828432306,true
0.3,14.263157894736842,-0.6108652381980153,2.018863208089494,0.5407162473334639,0.5236531407270325,1.4308411098036513,1.26663977199911,0.2970246417609881,0.28949309102014337,true
0.3,14.263157894736842,-0.4363323129985824,2.3111327883137838,0.5558507909447473,0.6556652897845338,1.5203060809260285,1.4055653100358765,0.28638718127125273,0.24418173040171798,true
0.3,14.263157894736842,-0.2617993877991494,2.554593271291465,0.5618636772724098,0.760876661764963,1.5880029347625735,1.5007636579293608,0.28199455213398034,0.1652943474919866,true
0.3,14.263157894736842,-0.08726646259971647,2.697881845316796,0.563424468039284,0.8206566474580923,1.6252117693087578,1.549923218628499,0.28060372638522146,0.058783974020326764,true
0.3,14.263157894736842,0.08726646259971647,2.6978818453167657,0.5634244680392865,0.8206566474580779,1.6252117693087489,1.5499232186284917,0.2806037263852208,-0.058783974020326125,true
0.3,14.263157894736842,0.2617993877991494,2.5545932712907256,0.5618636772724732,0.7608766617645703,1.5880029347623252,1.5007636579291506,0.2819945521339649,-0.1652943474919386,true
0.3,14.263157894736842,0.4363323129985824,2.31113278831459,0.5558507909446698,0.655665289784961,1.5203060809263134,1.405565310036163,0.28638718127127133,-0.24418173040180277,true
0.3,14.263157894736842,0.6108652381980153,2.018863208089494,0.5407162473334639,0.5236531407270325,1.4308411098036513,1.26663977199911,0.2970246417609881,-0.28949309102014337,true
0.3,14.263157894736842,0.7853981633974483,1.7111154712816847,0.5101683853269319,0.38034120586980014,1.3269070848151667,1.0822562900795647,0.32003810890735257,-0.3024853382843231,true
0.3,15.836842105263157,-0.7853981633974483,1.7600121232414936,0.5285468583733125,0.39932891532168185,1.341140496232653,1.096456862408893,0.30404088383837485,0.31112912682815463,true
0.3,15.836842105263157,-0.6108652381980153,2.074110697588824,0.5582087064542106,0.5468771314608012,1.4469810859740384,1.279789486085448,0.2827763836618306,0.29741525575273514,true
0.3,15.836842105263157,-0.4363323129985824,2.374262892872295,0.5727772240147782,0.6828230284377534,1.5380656867635871,1.4178507654049992,0.2730860950145418,0.2508517141744566,true
0.3,15.836842105263157,-0.2617993877991494,2.6255970751903748,0.5784627398184673,0.7913969198807803,1.6071072894724576,1.5125715027580686,0.269193043742681,0.16988863196049214,true
0.3,15.836842105263157,-0.08726646259971647,2.7740936289885294,0.5798716020057599,0.8532387618293438,1.6451375395146866,1.5615643552363792,0.26801949072479997,0.06044454767407546,true
0.3,15.836842105263157,0.08726646259971647,2.774093628988286,0.5798716020057784,0.8532387618292189,1.64513753951461,1.561564355236318,0.26801949072479536,-0.06044454767407012,true
0.3,15.836842105263157,0.2617993877991494,2.6255970751903748,0.5784627398184673,0.7913969198807803,1.6071072894724576,1.5125715027580686,0.269193043742681,-0.16988863196049214,true
0.3,15.836842105263157,0.4363323129985824,2.374262892872295,0.5727772240147782,0.6828230284377534,1.5380656867635871,1.4178507654049992,0.2730860950145418,-0.2508517141744566,true
0.3,15.836842105263157,0.6108652381980153,2.0741106975905748,0.5582087064540242,0.5468771314617835,1.446981085974711,1.2797894860860715,0.28277638366178726,-0.29741525575299693,true
0.3,15.836842105263157,0.7853981633974483,1.7600121232414963,0.5285468583733122,0.3993289153216828,1.3411404962326536,1.0964568624088942,0.30404088383837474,-0.311129126828155,true
0.3,17.410526315789475,-0.7853981633974483,1.803134828679893,0.5448829047326583,0.4164642912142399,1.3538569283413306,1.1089351074234093,0.2902030806402322,0.3187522161880875,true
0.3,17.410526315789475,-0.6108652381980153,2.1229394610176993,0.5737166839523439,0.567714656755441,1.4613108200681633,1.2912335419046674,0.27043198409141245,0.30441701319738007,true
0.3,17.410526315789475,-0.4363323129985824,2.430186323835774,0.5877713948754245,0.7071381347324366,1.5537941528142358,1.4284945659925465,0.2615382682084585,0.25676027999853535,true
0.3,17.410526315789475,-0.2617993877991494,2.6886358276130524,0.5931669161477205,0.8187178848995658,1.6240184019842143,1.5227856497730403,0.2580603404357308,0.1739675393898674,true
0.3,17.410526315789475,-0.08726646259971647,2.8418780886161827,0.594442398634681,0.8822563827544648,1.662682400770052,1.5715302330332317,0.25708339835138777,0.061921498905724105,true
0.3,17.410526315789475,0.08726646259971647,2.841878088616535,0.5944423986346559,0.8822563827546415,1.6626824007701588,1.5715302330333165,0.2570833983513939,-0.06192149890573178,true
0.3,17.410526315789475,0.2617993877991494,2.688635827613017,0.5931669161477232,0.8187178848995466,1.624018401984202,1.5227856497730308,0.2580603404357302,-0.1739675393898651,true
0.3,17.410526315789475,0.4363323129985824,2.430186323835786,0.5877713948754235,0.7071381347324431,1.5537941528142405,1.4284945659925572,0.26153826820845655,-0.2567602799985363,true
0.3,17.410526315789475,0.6108652381980153,2.122939461016419,0.5737166839524724,0.5677146567547462,1.4613108200676903,1.2912335419042082,0.2704319840914297,-0.30441701319719916,true
0.3,17.410526315789475,0.7853981633974483,1.803134828679893,0.5448829047326583,0.4164642912142399,1.3538569283413306,1.1089351074234093,0.2902030806402322,-0.3187522161880875,true
0.3,18.984210526315792,-0.7853981633974483,1.841561901813528,0.5595345095648838,0.4320269962530691,1.365303626484732,1.1199962116781024,0.2780867756959701,0.32554522718744333,true
0.3,18.984210526315792,-0.6108652381980153,2.1665363365515526,0.5875966366184037,0.5865526655399323,1.474145628779097,1.301300532707601,0.2596026535852758,0.3106685471049298,true
0.3,18.984210526315792,-0.4363323129985824,2.4802236124743495,0.6011832071438044,0.7290612717841929,1.567840088645027,1.4378067488673674,0.25139036607614396,0.2620469479583656,true
0.3,18.984210526315792,-0.2617993877991494,2.7451756612997023,0.6063184870056497,0.8431654174993974,1.6390030003864984,1.531587882417786,0.2482829394203998,0.17762593583478237,true
0.3,18.984210526315792,-0.08726646259971647,2.9027416720550967,0.6074782764291407,0.9083427660758975,1.678298403785768,1.5801854623833322,0.24745706704382148,0.06324765160819494,true
0.3,18.984210526315792,0.08726646259971647,2.9027416720551082,0.6074782764291399,0.9083427660759033,1.6782984037857713,1.5801854623833342,0.24745706704382175,-0.06324765160819519,true
0.3,18.984210526315792,0.2617993877991494,2.745175661299496,0.6063184870056645,0.8431654174992907,1.6390030003864329,1.5315878824177336,0.24828293942039611,-0.1776259358347689,true
0.3,18.984210526315792,0.4363323129985824,2.4802236124743553,0.6011832071438039,0.729061271784195,1.5678400886450283,1.437806748867369,0.25139036607614396,-0.26204694795836614,true
0.3,18.984210526315792,0.6108652381980153,2.1665363365564883,0.5875966366179339,0.5865526655426848,1.4741456287809784,1.3013005327095923,0.2596026535852028,-0.3106685471056446,true
0.3,18.984210526315792,0.7853981633974483,1.8415619018135347,0.559534509564883,0.43202699625307334,1.365303626484735,1.1199962116781066,0.2780867756959698,-0.32554522718744455,true
0.3,20.55789473684211,-0.7853981633974483,1.8761013935527326,0.5727777805759688,0.4462629864119684,1.375691089164479,1.1299014512768595,0.2673611298070833,0.3316510043956445,true
0.3,20.55789473684211,-0.6108652381980153,2.205799766945261,0.6001204406839026,0.6036882537809164,1.4857242367155472,1.3102316698903087,0.2500032368410631,0.3162986924039918,true
0.3,20.55789473684211,-0.4363323129985824,2.525374936090273,0.6132788696732691,0.7489442049812195,1.5804709456208945,1.4460193213456123,0.24238152742163072,0.26681739143364913,true
0.3,20.55789473684211,-0.2617993877991494,2.7962855827182067,0.6181808867668164,0.865342561160602,1.652478478744421,1.5393466405659524,0.23958797428773987,0.18093299110342342,true
0.3,20.55789473684211,-0.08726646259971647,2.957825783697927,0.6192387444796847,0.9320297119737543,1.692353220795094,1.587822435970687,0.23888838913860871,0.06444787577397992,true
0.3,20.55789473684211,0.08726646259971647,2.9578257836979307,0.6192387444796845,0.9320297119737545,1.6923532207950942,1.5878224359706874,0.23888838913860874,-0.06444787577397998,true
0.3,20.55789473684211,0.2617993877991494,2.7962855827171316,0.6181808867668898,0.8653425611600427,1.6524784787440803,1.5393466405656853,0.23958797428772136,-0.1809329911033534,true
0.3,20.55789473684211,0.4363323129985824,2.5253749360902638,0.6132788696732697,0.7489442049812154,1.5804709456208919,1.4460193213456098,0.2423815274216307,-0.2668173914336483,true
0.3,20.55789473684211,0.6108652381980153,2.205799766945261,0.6001204406839026,0.6036882537809165,1.4857242367155472,1.3102316698903085,0.2500032368410632,-0.3162986924039918,true
0.3,20.55789473684211,0.7853981633974483,1.87610139355273,0.5727777805759692,0.44626298641196716,1.375691089164478,1.1299014512768584,0.2673611298070834,-0.33165100439564404,true
0.3,22.13157894736842,-0.7853981633974483,1.9073872161887204,0.5848278318961336,0.4593289562702101,1.3851562772911044,1.1388067454515187,0.25778830058468805,0.3371816087325624,true
0.3,22.13157894736842,-0.6108652381980153,2.241421168814349,0.611500006731218,0.6193704009565271,1.4962422270302853,1.3182232691342561,0.24141628450701635,0.3214065915909203,true
0.3,22.13157894736842,-0.4363323129985824,2.566431888805474,0.6242638678789236,0.766947683284283,1.5918213990746237,1.4532224413899244,0.2343292896234474,0.27115524593045764,true
0.3,22.13157894736842,-0.2617993877991494,2.842811459937138,0.62895716374539,0.885596171134192,1.664689863847977,1.5462536178438433,0.23178594712921835,0.18394343688717588,true
0.3,22.13157894736842,-0.08726646259971647,3.0080205677481895,0.629924806294551,0.9537108975192206,1.7051163582077584,1.5946447253940697,0.23119064702954412,0.06554156669544924,true
0.3,22.13157894736842,0.08726646259971647,3.0080205677481855,0.6299248062945513,0.9537108975192187,1.7051163582077573,1.594644725394069,0.23119064702954406,-0.06554156669544914,true
0.3,22.13157894736842,0.2617993877991494,2.842811459937643,0.628957163745357,0.8855961711344542,1.6646898638481358,1.5462536178439652,0.23178594712922684,-0.18394343688720868,true
0.3,22.13157894736842,0.4363323129985824,2.566431888805474,0.6242638678789236,0.766947683284283,1.5918213990746237,1.4532224413899244,0.2343292896234474,-0.27115524593045764,true
0.3,22.13157894736842,0.6108652381980153,2.24142116881433,0.6115000067312196,0.619370400956516,1.496242227030278,1.3182232691342488,0.24141628450701608,-0.32140659159091745,true
0.3,22.13157894736842,0.7853981633974483,1.9073872161887218,0.5848278318961335,0.45932895627021,1.3851562772911041,1.1388067454515185,0.2577883005846881,-0.3371816087325625,true
0.3,23.705263157894738,-0.7853981633974483,1.9359114928089434,0.595856725042378,0.47137649339331616,1.393826742016616,1.1468629548379052,0.2491775057227552,0.3422240360911989,true
0.3,23.705263157894738,-0.6108652381980153,2.273949446814489,0.6219027724395063,0.6337739907272413,1.505837966621923,1.3254053299128898,0.2336787929199706,0.3260709550522854,true
0.3,23.705263157894738,-0.4363323129985824,2.603975206715567,0.634303906981639,0.783501311564681,1.6021868252810292,1.4597065699593355,0.22705468587345268,0.27512186886851564,true
0.3,23.705263157894738,-0.2617993877991494,2.8854191775325777,0.6388078620960359,0.904225773096812,1.6758435329345571,1.5524698595893045,0.22472888181096562,0.18670035908825816,true
0.3,23.705263157894738,-0.08726646259971647,3.054039404974075,0.6396946575704754,0.97362911219139,1.716758056438595,1.6007659225629085,0.2242265822304534,0.06654426817991667,true
0.3,23.705263157894738,0.08726646259971647,3.0540394049740645,0.639694657570476,0.9736291121913841,1.7167580564385914,1.6007659225629058,0.22422658223045316,-0.0665442681799164,true
0.3,23.705263157894738,0.2617993877991494,2.8854191775321336,0.6388078620960637,0.9042257730965817,1.6758435329344188,1.5524698595892,0.22472888181095838,-0.1867003590882293,true
0.3,23.705263157894738,0.4363323129985824,2.603975206715532,0.6343039069816414,0.7835013115646623,1.6021868252810174,1.4597065699593257,0.22705468587345218,-0.275121868868512,true
0.3,23.705263157894738,0.6108652381980153,2.273949446814489,0.6219027724395063,0.6337739907272413,1.505837966621923,1.3254053299128898,0.2336787929199706,-0.3260709550522854,true
0.3,23.705263157894738,0.7853981633974483,1.93591149280894,0.5958567250423783,0.47137649339331394,1.3938267420166144,1.146862954837903,0.24917750572275535,-0.3422240360911982,true
0.3,25.278947368421054,-0.7853981633974483,1.9620590335687365,0.6060042473798968,0.48256244969042894,1.4018291263025187,1.1542259022920338,0.24137135382252026,0.3468463119390319,true
0.3,25.278947368421054,-0.6108652381980153,2.3038471018805757,0.631461542071235,0.6469128651970116,1.5145381244510812,1.3317697852055534,0.22668259528393647,0.3303581026421665,true
0.3,25.278947368421054,-0.4363323129985824,2.6384942577698127,0.6435300933957921,0.7987886724908764,1.6117001411381915,1.4655777855407028,0.2204396486305872,0.27876896420575603,true
0.3,25.278947368421054,-0.2617993877991494,2.9246496277073595,0.6478613851103516,0.9214265475228461,1.6860762426127984,1.5580912089884236,0.21830543818751477,0.18923875600745985,true
0.3,25.278947368421054,-0.08726646259971647,3.09644994387136,0.6486756001783373,0.9920325707719969,1.727444685509896,1.6063050510460024,0.21788358575900094,0.06746834868429492,true
0.3,25.278947368421054,0.08726646259971647,3.09644994387136,0.6486756001783373,0.9920325707719969,1.727444685509896,1.6063050510460024,0.21788358575900094,-0.06746834868429492,true
0.3,25.278947368421054,0.2617993877991494,2.924649627706891,0.6478613851103798,0.9214265475226031,1.686076242612653,1.5580912089883159,0.21830543818750694,-0.1892387560074293,true
0.3,25.278947368421054,0.4363323129985824,2.6384942577697865,0.6435300933957939,0.7987886724908616,1.6117001411381822,1.465577785540695,0.22043964863058682,-0.27876896420575314,true
0.3,25.278947368421054,0.6108652381980153,2.3038471018805784,0.6314615420712347,0.646912865197013,1.514538124451082,1.3317697852055546,0.22668259528393644,-0.3303581026421667,true
0.3,25.278947368421054,0.7853981633974483,1.9620590335687353,0.6060042473798969,0.4825624496904284,1.4018291263025182,1.1542259022920334,0.24137135382252026,-0.3468463119390317,true
0.3,26.85263157894737,-0.7853981633974483,1.9861595144040378,0.6153828603980768,0.4929461611759905,1.4092169181201533,1.1609438964674812,0.23426230038649862,0.3511067152985069,true
0.3,26.85263157894737,-0.6108652381980153,2.3314335655514653,0.6402891180509634,0.6591063635100778,1.5225678070407278,1.3375762872847046,0.2202924103178871,0.3343138390229181,true
0.3,26.85263157894737,-0.4363323129985824,2.6703883855686916,0.6520490095389146,0.8129498392169169,1.6204627975927783,1.4709131382885718,0.21439110427415511,0.2821387244167018,true
0.3,26.85263157894737,-0.2617993877991494,2.9609422776137913,0.6562222492545565,0.9373658884574165,1.6955033992642259,1.563198559962241,0.21242586607709107,0.1915870632238812,true
0.3,26.85263157894737,-0.08726646259971647,3.1357158713872204,0.6569711088850281,1.009118694171289,1.7373075114417869,1.6113527572679844,0.21207247286762548,0.06832391146274303,true
0.3,26.85263157894737,0.08726646259971647,3.1357158713869446,0.6569711088850432,1.00911869417115,1.737307511441706,1.6113527572679285,0.2120724728676211,-0.06832391146273696,true
0.3,26.85263157894737,0.2617993877991494,2.960942277614275,0.6562222492545284,0.9373658884576693,1.6955033992643767,1.5631985599623555,0.2124258660770978,-0.1915870632239126,true
0.3,26.85263157894737,0.4363323129985824,2.6703883855686423,0.6520490095389179,0.8129498392168905,1.620462797592762,1.4709131382885587,0.21439110427415434,-0.28213872441669663,true
0.3,26.85263157894737,0.6108652381980153,2.331433565551513,0.6402891180509598,0.6591063635101025,1.5225678070407442,1.3375762872847219,0.2202924103178873,-0.33431383902292466,true
0.3,26.85263157894737,0.7853981633974483,1.9861595144040438,0.6153828603980762,0.4929461611759948,1.4092169181201564,1.160943896467485,0.23426230038649837,-0.35110671529850795,true
0.3,28.426315789473687,-0.7853981633974483,2.008489202510193,0.6240851689757153,0.5025542992779782,1.4160185727999532,1.167033068882525,0.22776726170198955,0.3550540837714718,true
0.3,28.426315789473687,-0.6108652381980153,2.3569975353581003,0.648476181990996,0.670474049390933,1.5300157184703347,1.3429081092918642,0.21442379576697565,0.3379795616964912,true
0.3,28.426315789473687,-0.4363323129985824,2.699980864212331,0.6599487752013913,0.8261376298537829,1.6285807501126186,1.475800473575909,0.20882976956922666,0.2852653048858228,true
0.3,28.426315789473687,-0.2617993877991494,2.994654251273134,0.6639767888685009,0.9522251788605425,1.7042448056899855,1.5678828385275665,0.20701387239495406,0.19376838843166824,true
0.3,28.426315789473687,-0.08726646259971647,3.172223349178134,0.6646661736339267,1.0250199747926871,1.7464363574602908,1.6159643832749415,0.20672348023456452,0.06911937054910623,true
0.3,28.426315789473687,0.08726646259971647,3.172223349178134,0.6646661736339267,1.0250199747926871,1.7464363574602908,1.6159643832749415,0.20672348023456452,-0.06911937054910623,true
0.3,28.426315789473687,0.2617993877991494,2.994654251273201,0.6639767888684971,0.9522251788605781,1.7042448056900064,1.5678828385275818,0.207013872394955,-0.1937683884316726,true
0.3,28.426315789473687,0.4363323129985824,2.6999808642123875,0.6599487752013877,0.8261376298538134,1.6285807501126375,1.4758004735759243,0.20882976956922758,-0.2852653048858289,true
0.3,28.426315789473687,0.6108652381980153,2.3569975353581016,0.6484761819909959,0.670474049390931,1.5300157184703336,1.3429081092918533,0.21442379576698523,-0.33797956169649407,true
0.3,28.426315789473687,0.7853981633974483,2.0084892025101873,0.6240851689757159,0.5025542992779743,1.4160185727999504,1.167033068882522,0.22776726170198963,-0.35505408377147063,true
0.3,30.0,-0.7853981633974483,2.0292591343673907,0.6321903450272691,0.5114811882277547,1.422308818930664,1.1725841395508474,0.22180131276713572,0.3587257236894552,true
0.3,30.0,-0.6108652381980153,2.3807849976825457,0.6560978097146906,0.6810822440584051,1.536933468952135,1.3478048659286201,0.20901258729506061,0.3413905436986123,true
0.3,30.0,-0.4363323129985824,2.7275419727325425,0.6673026187945138,0.8384706371783599,1.6361360806067913,1.4803046402905815,0.2036920096389218,0.28817726182666026,true
0.3,30.0,-0.2617993877991494,3.026088957668183,0.6711964938483923,0.9661084090199029,1.7123716938911346,1.5721890994470764,0.2020111947588768,0.1958023636047596,true
0.3,30.0,-0.08726646259971647,3.2062919418205533,0.6718316613888426,1.0398708258053655,1.754919272442954,1.6201982375002402,0.20177750649334725,0.0698616889238167,true
0.3,30.0,0.08726646259971647,3.2062919418209264,0.6718316613888236,1.0398708258055533,1.754919272443062,1.6201982375003134,0.20177750649335283,-0.06986168892382486,true
0.3,30.0,0.2617993877991494,3.026088957668185,0.6711964938483922,0.9661084090199042,1.7123716938911353,1.5721890994470769,0.20201119475887686,-0.19580236360475975,true
0.3,30.0,0.4363323129985824,2.7275419727325425,0.6673026187945138,0.8384706371783599,1.6361360806067913,1.4803046402905815,0.2036920096389218,-0.28817726182666026,true
0.3,30.0,0.6108652381980153,2.38078499768264,0.6560978097146838,0.6810822440584583,1.5369334689521692,1.3478048659286428,0.20901258729506086,-0.3413905436986263,true
0.3,30.0,0.7853981633974483,2.0292591343673907,0.6321903450272691,0.5114811882277547,1.422308818930664,1.1725841395508474,0.22180131276713572,-0.3587257236894552,true
0.3,40.0,-0.7853981633974483,2.1340967653087186,0.6733429347688376,0.5572974908335555,1.454164701811332,1.1999079188738582,0.1924992956799094,0.3772585741613011,true
0.3,40.0,-0.6108652381980153,2.501208706345783,0.6947325838254521,0.735377478427053,1.5718635299291033,1.3717935153890117,0.18228722101295564,0.35865859406449885,true
0.3,40.0,-0.4363323129985824,2.8675220656821647,0.7045747055251773,0.9014983266530694,1.674215235098176,1.5022742050203899,0.17822727968906577,0.302966797692869,true
0.3,40.0,-0.2617993877991494,3.1862526434184453,0.7078093391832138,1.0371525705703597,1.7533696531678427,1.5931989440804861,0.17714956840996907,0.20616571656818983,true
0.3,40.0,-0.08726646259971647,3.38024852504087,0.7081900512650542,1.1160932375541595,1.7978282668080752,1.6409392956920432,0.1771543445543048,0.07365201773123982,true
0.3,40.0,0.08726646259971647,3.38024852504087,0.7081900512650542,1.1160932375541595,1.7978282668080752,1.6409392956920432,0.1771543445543048,-0.07365201773123982,true
0.3,40.0,0.2617993877991494,3.1862526434243024,0.7078093391829452,1.0371525705734281,1.753369653169632,1.5931989440819343,0.1771495684100018,-0.20616571656856766,true
0.3,40.0,0.4363323129985824,2.8675220656820826,0.7045747055251815,0.9014983266530285,1.6742152350981505,1.502274205020368,0.1782272796890652,-0.3029667976928614,true
0.3,40.0,0.6108652381980153,2.5012087063460062,0.6947325838254385,0.7353774784271764,1.5718635299291828,1.3717935153890828,0.1822872210129582,-0.35865859406453093,true
0.3,40.0,0.7853981633974483,2.1340967653087377,0.6733429347688361,0.5572974908335729,1.4541647018113437,1.199907918873871,0.19249929567990826,-0.37725857416130326,true
0.3,50.0,-0.7853981633974483,2.208531384773623,0.7027774312220808,0.5905453508591765,1.4768516172847685,1.2185878621859678,0.1724685630712638,0.39041688040631695,true
0.3,50.0,-0.6108652381980153,2.5870723150150563,0.7223135025355968,0.7746390991314202,1.5966459213681192,1.388089347062193,0.163870908543988,0.3709709298835645,true
0.3,50.0,-0.4363323129985824,2.967786171661203,0.7311837057856087,0.9470333692301866,1.7011956789216933,1.517138365543991,0.16058541928725892,0.3135601584065914,true
0.3,50.0,-0.2617993877991494,3.3015043751525237,0.733972117080944,1.0885720678769926,1.7824545255780258,1.6074154562930514,0.15986109976633125,0.2136230524447215,true
0.3,50.0,-0.08726646259971647,3.5058366152554785,0.7341928811291146,1.1713277332246788,1.8282930472334975,1.6549712692634082,0.1600001447343343,0.07638844853932053,true
0.3,50.0,0.08726646259971647,3.505836615255364,0.734192881129119,1.1713277332246235,1.8282930472334669,1.6549712692633898,0.1600001447343329,-0.07638844853931807,true
0.3,50.0,0.2617993877991494,3.3015043751525237,0.733972117080944,1.0885720678769926,1.7824545255780258,1.6074154562930514,0.15986109976633125,-0.2136230524447215,true
0.3,50.0,0.4363323129985824,2.967786171661009,0.7311837057856174,0.9470333692300837,1.7011956789216307,1.5171383655439337,0.16058541928725784,-0.3135601584065727,true
0.3,50.0,0.6108652381980153,2.5870723150158215,0.7223135025355557,0.7746390991318375,1.5966459213683781,1.3880893470623086,0.16387090854401953,-0.3709709298836817,true
0.3,50.0,0.7853981633974483,2.208531384773623,0.7027774312220808,0.5905453508591765,1.4768516172847685,1.2185878621859678,0.1724685630712638,-0.39041688040631695,true
0.3,60.0,-0.7853981633974483,2.2650422114680784,0.7252248063435567,0.6161358519903122,1.494078880535713,1.2323479004473603,0.15766278856167573,0.4004066777528948,true
0.3,60.0,-0.6108652381980153,2.6524650221658437,0.7433243395432934,0.8047652015906216,1.6154040990280383,1.400023306906479,0.1501806369445827,0.38034785869493903,true
0.3,60.0,-0.4363323129985824,3.0443988874232,0.7514581992431808,0.9819653208984969,1.7216069939672511,1.5279979857805284,0.1474186297063102,0.32165464144641726,true
0.3,60.0,-0.2617993877991494,3.3898656699698946,0.7539225367601468,1.1281036749650277,1.8044964255796385,1.6178182941018995,0.1469216770990863,0.21934044893189286,true
0.3,60.0,-0.08726646259971647,3.6023609495380997,0.7540347457004531,1.213814631892088,1.8513857685399904,1.665229307725648,0.14714446905989964,0.07849161105146013,true
0.3,60.0,0.08726646259971647,3.602360949538071,0.7540347457004541,1.2138146318920708,1.8513857685399808,1.665229307725643,0.14714446905989922,-0.07849161105145945,true
0.3,60.0,0.2617993877991494,3.3898656699698946,0.7539225367601468,1.1281036749650264,1.8044964255796376,1.6178182941018993,0.14692167709908624,-0.2193404489318927,true
0.3,60.0,0.4363323129985824,3.044398887423225,0.7514581992431798,0.9819653208985099,1.7216069939672585,1.5279979857805335,0.14741862970631048,-0.32165464144642003,true
0.3,60.0,0.6108652381980153,2.6524650221658708,0.743324339543292,0.8047652015906368,1.615404099028048,1.4000233069064854,0.15018063694458358,-0.38034785869494414,true
0.3,60.0,0.7853981633974483,2.2650422114681716,0.725224806343551,0.6161358519903666,1.4940788805357486,1.2323479004473925,0.15766278856167767,-0.40040667775291244,true
0.4,-2.0,-0.7853981633974483,-1.7435226455663004,-0.32042517605743187,-0.15475125477577717,0.8309617864756852,0.6150536289946333,1.5180490807609104,-0.30821417160052594,true
0.4,-2.0,-0.6108652381980153,-2.7463146628009953,-0.43052558823371473,-0.23632705237686827,0.7261858575843368,0.6710163766961478,1.7463328847301167,-0.3938053444523456,true
0.4,-2.0,-0.4363323129985824,-3.72896580983883,-0.5066191781871622,-0.30243601271686793,0.6285920573563641,0.6951103367726398,1.9643797841310362,-0.3939822621663474,true
0.4,-2.0,-0.2617993877991494,-4.44148120236066,-0.5427840428073857,-0.34270520043192415,0.5608828756604124,0.6996507777982328,2.1299411074994543,-0.28738498083303593,true
0.4,-2.0,-0.08726646259971647,-4.795247213945823,-0.5543409074000797,-0.36051517467283783,0.5281757761823246,0.6983766181771988,2.2171792826222188,-0.10448333347477498,true
0.4,-2.0,0.08726646259971647,-4.795247213946548,-0.5543409074001976,-0.36051517467286925,0.5281757761822647,0.6983766181772086,2.217179282622365,0.10448333347478929,true
0.4,-2.0,0.2617993877991494,-4.441481202360365,-0.5427840428073345,-0.3427052004319147,0.5608828756604437,0.6996507777982381,2.1299411074993913,0.2873849808330162,true
0.4,-2.0,0.4363323129985824,-3.728965809838835,-0.5066191781871632,-0.3024360127168682,0.6285920573563638,0.69511033677264,1.9643797841310366,0.39398226216634796,true
0.4,-2.0,0.6108652381980153,-2.746314662800971,-0.4305255882337081,-0.23632705237686583,0.7261858575843373,0.6710163766961449,1.7463328847301123,0.39380534445234294,true
0.4,-2.0,0.7853981633974483,-1.74352264557877,-0.32042517606215376,-0.15475125477676152,0.8309617864737724,0.6150536289945358,1.5180490807638802,0.3082141716028422,true
0.4,-1.0,-0.7853981633974483,-0.6339763420527345,-0.1260340510417387,-0.07284810783721757,0.9242855534585203,0.6566587508702855,1.2125419973391398,-0.11207224264508016,true
0.4,-1.0,-0.6108652381980153,-0.8999632334980672,-0.15810480706067062,-0.11219601935211858,0.8806860741976672,0.7384914156727715,1.2845970854200761,-0.12904942608041667,true
0.4,-1.0,-0.4363323129985824,-1.1438072160679182,-0.18005080248840427,-0.14889147416320997,0.8379839204579507,0.7929138214289023,1.3488089136934143,-0.12084845441363538,true
0.4,-1.0,-0.2617993877991494,-1.3261919377085498,-0.1922282645830397,-0.17622134155148184,0.8047094596815956,0.8243692344981395,1.3969517779934364,-0.08581093286468888,true
0.4,-1.0,-0.08726646259971647,-1.4225466989309434,-0.19726156294741728,-0.19052196816179534,0.7867376043276526,0.8383349536784841,1.4227077230455074,-0.030995778629999013,true
0.4,-1.0,0.08726646259971647,-1.4225466989309892,-0.19726156294743658,-0.19052196816180164,0.7867376043276415,0.8383349536784848,1.4227077230455198,0.03099577863000008,true
0.4,-1.0,0.2617993877991494,-1.3261919377085587,-0.19222826458304373,-0.17622134155148314,0.8047094596815931,0.8243692344981396,1.3969517779934386,0.08581093286468951,true
0.4,-1.0,0.4363323129985824,-1.1438072160675514,-0.18005080248821514,-0.14889147416314769,0.8379839204580559,0.7929138214289012,1.3488089136933206,0.12084845441359199,true
0.4,-1.0,0.6108652381980153,-0.8999632334980672,-0.15810480706067062,-0.11219601935211858,0.8806860741976672,0.7384914156727715,1.2845970854200761,0.12904942608041667,true
0.4,-1.0,0.7853981633974483,-0.6339763420526809,-0.12603405104169102,-0.07284810783720995,0.9242855534585281,0.6566587508702648,1.2125419973391256,0.11207224264507068,true
0.4,0.1,-0.7853981633974483,0.04896797933662176,0.010374016745500536,0.007043238998365037,1.0070186085664998,0.7123182818526216,0.9823856292343999,0.00865639756386657,true
0.4,0.1,-0.6108652381980153,0.06544409396087461,0.012423583560979808,0.010952532558228041,1.0108932016379177,0.8271974162835273,0.977971188612169,0.009384297550774471,true
0.4,0.1,-0.4363323129985824,0.07990268638333395,0.013709207184571836,0.014845034721861024,1.014736453170867,0.9172077688250453,0.9745698380983587,0.008442083598371064,true
0.4,0.1,-0.2617993877991494,0.09064002489846552,0.014364743457688916,0.017987816326649475,1.0178288818132217,0.9791653311633075,0.9723082704150202,0.0058648411730617715,true
0.4,0.1,-0.08726646259971647,1.2672662613918332e-12,1.000003573466461,-9.528664984038365e-9,0.9999999964105714,-3.556882544550455e-6,1.0008390862456242,-1.2346749483665728e-13,true
0.4,0.1,0.08726646259971647,9.86135559548762e-13,1.0000031522748987,-8.69633857073925e-9,0.9999999965248976,-3.137390524790702e-6,1.0009205359870363,8.684175416417176e-14,true
0.4,0.1,0.2617993877991494,0.09064002489846437,0.014364743457695084,0.01798781632664912,1.0178288818132215,0.9791653311633012,0.9723082704150204,-0.005864841173061698,true
0.4,0.1,0.4363323129985824,0.07990268638330804,0.013709207184731695,0.014845034721849728,1.014736453170856,0.9172077688249414,0.9745698380983601,-0.008442083598369345,true
0.4,0.1,0.6108652381980153,0.06544409396087672,0.012423583560963994,0.010952532558228666,1.0108932016379182,0.8271974162835409,0.9779711886121685,-0.009384297550774773,true
0.4,0.1,0.7853981633974483,0.04896797931522493,0.010374016961711818,0.007043238993346478,1.007018608561525,0.7123182816922125,0.9823856292402308,-0.008656397560093638,true
0.4,1.6736842105263159,-0.7853981633974483,0.6200068792683057,0.1392510681656643,0.10978685601239765,1.1043431133639885,0.7873451460232803,0.7730299859953974,0.10960276717857187,true
0.4,1.6736842105263159,-0.6108652381980153,0.7930342070352567,0.15968003607168813,0.16816165999421875,1.1559945156641678,0.9328211300837312,0.7379226249786778,0.11371643375404136,true
0.4,1.6736842105263159,-0.4363323129985824,0.9452886316936774,0.17078004168586816,0.2256020429929839,1.2046593231904532,1.0485757921517616,0.7167135393316839,0.09987405336770051,true
0.4,1.6736842105263159,-0.2617993877991494,1.0619404333216853,0.17535023261432356,0.27205392448826765,1.2426213618703594,1.1291483918189356,0.7054436013010368,0.06871260222339384,true
0.4,1.6736842105263159,-0.08726646259971647,1.1262269171169246,0.17655998836000902,0.2981522597146604,1.2634494526540978,1.1705495644019184,0.7007875606506294,0.024539285870969818,true
0.4,1.6736842105263159,0.08726646259971647,1.126226917116936,0.17655998836000486,0.2981522597146659,1.2634494526541022,1.1705495644019253,0.7007875606506287,-0.024539285870970057,true
0.4,1.6736842105263159,0.2617993877991494,1.0619404333216862,0.17535023261432328,0.27205392448826793,1.2426213618703597,1.129148391818936,0.7054436013010366,-0.06871260222339391,true
0.4,1.6736842105263159,0.4363323129985824,0.9452886316315952,0.17078004171309785,0.22560204296501055,1.204659323167269,1.0485757921088081,0.7167135393389713,-0.09987405336135824,true
0.4,1.6736842105263159,0.6108652381980153,0.793034207034319,0.15968003607218492,0.1681616599938305,1.155994515663832,0.9328211300829962,0.7379226249788287,-0.1137164337539122,true
0.4,1.6736842105263159,0.7853981633974483,0.6200068792683725,0.13925106816561778,0.1097868560124191,1.1043431133640078,0.7873451460233373,0.7730299859953786,-0.10960276717858339,true
0.4,3.2473684210526317,-0.7853981633974483,0.9714267527419398,0.22651081434367257,0.1947282214713729,1.1787520788942245,0.8431117332817188,0.6487154381508813,0.17172561899703523,true
0.4,3.2473684210526317,-0.6108652381980153,1.2173133846027284,0.2525693593342257,0.290674923250891,1.257517334499974,0.9988352739650556,0.6129732830596,0.17455556819031906,true
0.4,3.2473684210526317,-0.4363323129985824,1.4397566791933238,0.2653118112452171,0.3839009437374361,1.329587111538443,1.120514328096168,0.5942392774829763,0.1521168663027019,true
0.4,3.2473684210526317,-0.2617993877991494,1.6165421220507228,0.2695610002515359,0.45950268944198513,1.3852816964685348,1.2046316219799647,0.5856976366666188,0.10459797212427166,true
0.4,3.2473684210526317,-0.08726646259971647,1.7169691161397458,0.2700867722925174,0.502311082362775,1.4158468004394769,1.2478417153501298,0.5827146792240024,0.03741092970520833,true
0.4,3.2473684210526317,0.08726646259971647,1.7169691161406035,0.27008677229233496,0.5023110823632195,1.4158468004397982,1.2478417153504566,0.5827146792240158,-0.037410929705226664,true
0.4,3.2473684210526317,0.2617993877991494,1.6165421220508562,0.2695610002515057,0.45950268944205414,1.3852816964685857,1.2046316219800224,0.5856976366666176,-0.10459797212428003,true
0.4,3.2473684210526317,0.4363323129985824,1.439756679193318,0.26531181124521863,0.3839009437374331,1.3295871115384408,1.120514328096165,0.5942392774829759,-0.1521168663027012,true
0.4,3.2473684210526317,0.6108652381980153,1.2173133846037703,0.2525693593339059,0.29067492325139815,1.257517334500379,0.9988352739656471,0.6129732830594947,-0.17455556819046403,true
0.4,3.2473684210526317,0.7853981633974483,0.9714267527419739,0.22651081434365905,0.19472822147137275,1.1787520788942265,0.8431117332817272,0.6487154381508636,-0.17172561899704286,true
0.4,4.821052631578947,-0.7853981633974483,1.2143888888717822,0.29022131365256015,0.2637688927075678,1.2359359958454927,0.8833218877366151,0.5681839670294485,0.21467565473786762,true
0.4,4.821052631578947,-0.6108652381980153,1.5056198599646506,0.3177835116516579,0.38729232041070116,1.3321353687991508,1.0428200353155135,0.5358921115024313,0.21589701842399264,true
0.4,4.821052631578947,-0.4363323129985824,1.7761683263082897,0.3302766934636907,0.506043318624168,1.4184803970524749,1.1654559667185043,0.5208051309939342,0.1876602927026333,true
0.4,4.821052631578947,-0.2617993877991494,1.997275160411442,0.33364718619051126,0.6029883203200131,1.4852530560996624,1.250143889600124,0.5148586475853297,0.1292332124540753,true
0.4,4.821052631578947,-0.08726646259971647,2.1256661136547645,0.33345056862825656,0.658576704593987,1.5222198938732843,1.2938753228235216,0.5131970570021617,0.04631600239863642,true
0.4,4.821052631578947,0.08726646259971647,2.125666113656072,0.3334505686280515,0.6585767045946505,1.5222198938737372,1.2938753228239124,0.5131970570021819,-0.04631600239866279,true
0.4,4.821052631578947,0.2617993877991494,1.997275160411442,0.33364718619051126,0.6029883203200134,1.4852530560996624,1.250143889600123,0.51485864758533,-0.12923321245407535,true
0.4,4.821052631578947,0.4363323129985824,1.7761683263084536,0.33027669346365984,0.5060433186242544,1.4184803970525375,1.1654559667185687,0.5208051309939334,-0.18766029270265,true
0.4,4.821052631578947,0.6108652381980153,1.505619859964638,0.3177835116516607,0.38729232041069467,1.332135368799146,1.0428200353155077,0.5358921115024315,-0.21589701842399095,true
0.4,4.821052631578947,0.7853981633974483,1.2143888888718544,0.29022131365253906,0.26376889270759935,1.2359359958455167,0.8833218877366441,0.5681839670294365,-0.21467565473787828,true
0.4,6.394736842105263,-0.7853981633974483,1.3954851410348668,0.3393578671862013,0.32187464842911817,1.2820878664504072,0.9144179768763373,0.510865440293652,0.24668925175005593,true
0.4,6.394736842105263,-0.6108652381980153,1.7196745155597395,0.3669365069052393,0.4656025075057447,1.389678025679094,1.07418430030314,0.4827619006859125,0.24659119506319208,true
0.4,6.394736842105263,-0.4363323129985824,2.027257227823657,0.37874860237877944,0.6043688542367789,1.4861822592522043,1.1966908066900452,0.4705016332927195,0.21418898147347537,true
0.4,6.394736842105263,-0.2617993877991494,2.284012280718275,0.38128007689037124,0.7182457610624052,1.56092648944773,1.2812607302407442,0.46644491150897144,0.14778647128451716,true
0.4,6.394736842105263,-0.08726646259971647,2.435599652223231,0.38049133215741465,0.7840409422572564,1.6025235986822437,1.3250726847144532,0.4657489792194122,0.053069124187669396,true
0.4,6.394736842105263,0.08726646259971647,2.4355996522232344,0.38049133215741415,0.7840409422572587,1.602523598682245,1.3250726847144547,0.4657489792194121,-0.05306912418766946,true
0.4,6.394736842105263,0.2617993877991494,2.2840122807180325,0.38128007689040416,0.718245761062277,1.5609264894476438,1.281260730240676,0.46644491150896805,-0.14778647128450276,true
0.4,6.394736842105263,0.4363323129985824,2.0272572278235743,0.37874860237879204,0.6043688542367364,1.486182259252176,1.1966908066900226,0.4705016332927193,-0.21418898147346732,true
0.4,6.394736842105263,0.6108652381980153,1.719674515559684,0.3669365069052494,0.4656025075057152,1.3896780256790724,1.074184300303118,0.48276190068591357,-0.24659119506318422,true
0.4,6.394736842105263,0.7853981633974483,1.3954851410419833,0.33935786718451677,0.32187464843251706,1.2820878664530653,0.9144179768798719,0.5108654402920945,-0.24668925175125872,true
0.4,7.968421052631578,-0.7853981633974483,1.5376526205346406,0.3787620511931387,0.37090306372217813,1.3197750287831926,0.9385835619223633,0.46802605715391604,0.27182114909551797,true
0.4,7.968421052631578,-0.6108652381980153,1.887677806287035,0.4058265001424509,0.5312589967897491,1.436146926092088,1.0981367757734322,0.4432220529119223,0.2706818773079467,true
0.4,7.968421052631578,-0.4363323129985824,2.2255016069650853,0.41688782739971764,0.6859655417437158,1.5401074906208185,1.2198809781122861,0.43322185677684927,0.23513440530371463,true
0.4,7.968421052631578,-0.2617993877991494,2.512195130700099,0.4187047562016378,0.8136308110657816,1.620882976076716,1.3040395636422946,0.4305759612992236,0.1625509862099214,true
0.4,7.968421052631578,-0.08726646259971647,2.683683833921206,0.41744717598193404,0.8879167375551458,1.6660832737711189,1.3477983083154963,0.4305807711392195,0.05847461446539787,true
0.4,7.968421052631578,0.08726646259971647,2.683683833921192,0.41744717598193554,0.8879167375551381,1.6660832737711146,1.3477983083154934,0.43058077113921944,-0.058474614465397555,true
0.4,7.968421052631578,0.2617993877991494,2.512195130700133,0.4187047562016337,0.8136308110657995,1.6208829760767274,1.3040395636423021,0.43057596129922454,-0.16255098620992364,true
0.4,7.968421052631578,0.4363323129985824,2.2255016069651177,0.4168878273997135,0.6859655417437323,1.5401074906208294,1.2198809781122948,0.4332218567768497,-0.2351344053037179,true
0.4,7.968421052631578,0.6108652381980153,1.8876778062870354,0.40582650014245075,0.5312589967897493,1.436146926092088,1.098136775773432,0.44322205291192196,-0.27068187730794663,true
0.4,7.968421052631578,0.7853981633974483,1.5376526205484156,0.378762051190356,0.3709030637292516,1.3197750287885333,0.9385835619283852,0.46802605715145235,-0.27182114909787713,true
0.4,9.542105263157895,-0.7853981633974483,1.653345475112971,0.41132620724521946,0.4134436172019319,1.3516239249280904,0.9583398290592109,0.4343503397365553,0.2922729492281945,true
0.4,9.542105263157895,-0.6108652381980153,2.024668301329767,0.437671207732744,0.5873310678263046,1.474673569184354,1.1170721012402476,0.4123572500082902,0.29032550725510636,true
0.4,9.542105263157895,-0.4363323129985824,2.3880391840089645,0.44802054765035243,0.755156457071551,1.5843966998391243,1.237856056366505,0.40413687063009224,0.2523072443184786,true
0.4,9.542105263157895,-0.2617993877991494,2.7005397078855893,0.4492437883189427,0.894427897378433,1.669986764951191,1.3215413466249155,0.4025524062660429,0.17473777709699115,true
0.4,9.542105263157895,-0.08726646259971647,2.8894695887155066,0.44761390670425305,0.9759978603298397,1.718137282250413,1.3652152987274229,0.403074956720129,0.06295846703784913,true
0.4,9.542105263157895,0.08726646259971647,2.8894695887155066,0.44761390670425305,0.9759978603298397,1.718137282250413,1.3652152987274229,0.403074956720129,-0.06295846703784913,true
0.4,9.542105263157895,0.2617993877991494,2.7005397078856763,0.4492437883189337,0.8944278973784785,1.6699867649512188,1.3215413466249304,0.40255240626604594,-0.17473777709699678,true
0.4,9.542105263157895,0.4363323129985824,2.388039184009276,0.44802054765031646,0.7551564570717143,1.5843966998392325,1.2378560563665901,0.40413687063009446,-0.2523072443185085,true
0.4,9.542105263157895,0.6108652381980153,2.024668301329743,0.4376712077327473,0.5873310678262922,1.4746735691843451,1.117072101240237,0.41235725000829115,-0.29032550725510303,true
0.4,9.542105263157895,0.7853981633974483,1.6533454751129881,0.41132620724521635,0.4134436172019411,1.3516239249280975,0.9583398290592186,0.43435033973655485,-0.29227294922819735,true
0.4,11.11578947368421,-0.7853981633974483,1.7500790135767315,0.43885684473535735,0.450809571175131,1.3789920748098308,0.97481946465299,0.40703755395614305,0.30937318451513374,true
0.4,11.11578947368421,-0.6108652381980153,2.1395043764275785,0.46442300559649463,0.6359529589358648,1.507284285870747,1.1324537252380118,0.3874056662283233,0.30679232373402326,true
0.4,11.11578947368421,-0.4363323129985824,2.5249534760571994,0.4741270618489395,0.8148731116278733,1.621649229371163,1.2522595981265225,0.3805941991229759,0.26677286223705216,true
0.4,11.11578947368421,-0.2617993877991494,2.8601085690548267,0.47485730933465237,0.9641516465480193,1.7112285917084213,1.3354851462355024,0.379823683441426,0.1850626421755732,true
0.4,11.11578947368421,-0.08726646259971647,3.064557648612195,0.4729285221712509,1.052101134342654,1.7618746477508946,1.3790722459167002,0.3807384379882449,0.06677344928706182,true
0.4,11.11578947368421,0.08726646259971647,3.0645576486121073,0.4729285221712584,1.0521011343426199,1.7618746477508676,1.379072245916662,0.38073843798825197,-0.06677344928705994,true
0.4,11.11578947368421,0.2617993877991494,2.8601085690548267,0.47485730933465237,0.9641516465480193,1.7112285917084213,1.3354851462355024,0.379823683441426,-0.1850626421755732,true
0.4,11.11578947368421,0.4363323129985824,2.5249534760567736,0.4741270618489839,0.8148731116276319,1.621649229371009,1.2522595981263687,0.38059419912300957,-0.26677286223701824,true
0.4,11.11578947368421,0.6108652381980153,2.1395043764272574,0.4644230055965348,0.6359529589356883,1.5072842858706241,1.1324537252378648,0.3874056662283428,-0.3067923237339812,true
0.4,11.11578947368421,0.7853981633974483,1.7500790135871733,0.43885684473368336,0.45080957118095694,1.378992074814074,0.974819464657063,0.4070375539558849,-0.30937318451695484,true
0.4,12.689473684210526,-0.7853981633974483,1.8326663526846307,0.4625539240653045,0.4839621201496634,1.4028272312390642,0.9887887875970544,0.38434069145058636,0.3239727013782947,true
0.4,12.689473684210526,-0.6108652381980153,2.237806435164188,0.4873453097545622,0.6786577961327139,1.5353552005375954,1.1452269462722413,0.3666890112162942,0.3208882601191197,true
0.4,12.689473684210526,-0.4363323129985824,2.64265537351703,0.49647301614160544,0.8671541871819349,1.6535744233867868,1.264101846902703,0.361007641842823,0.27920860524613356,true
0.4,12.689473684210526,-0.2617993877991494,2.9979728188006973,0.4967911590602766,1.0252249968490088,1.7465537477280972,1.3469077538819043,0.36087283187910707,0.19398311555279504,true
0.4,12.689473684210526,-0.08726646259971647,3.2163920493974043,0.4946195250421785,1.118856019949838,1.7993643491521094,1.390417791692364,0.36209070106657454,0.07008175920816118,true
0.4,12.689473684210526,0.08726646259971647,3.2163920493996168,0.4946195250420047,1.118856019950952,1.7993643491527445,1.3904177916927616,0.36209070106659996,-0.07008175920820864,true
0.4,12.689473684210526,0.2617993877991494,2.997972818800701,0.4967911590602762,1.0252249968490117,1.746553747728099,1.346907753881905,0.3608728318791073,-0.19398311555279538,true
0.4,12.689473684210526,0.4363323129985824,2.64265537351703,0.49647301614160544,0.8671541871819349,1.6535744233867868,1.264101846902703,0.361007641842823,-0.27920860524613356,true
0.4,12.689473684210526,0.6108652381980153,2.2378064351641282,0.4873453097545691,0.6786577961326807,1.535355200537574,1.1452269462722267,0.366689011216291,-0.3208882601191112,true
0.4,12.689473684210526,0.7853981633974483,1.83266635268541,0.46255392406519025,0.4839621201500999,1.4028272312393786,0.988788787597353,0.38434069145058053,-0.3239727013784311,true
0.4,14.263157894736842,-0.7853981633974483,1.9043518400369328,0.4832496876451531,0.5136270639385357,1.4238167464463913,1.0007885681069335,0.36510973498111055,0.3366450250021859,true
0.4,14.263157894736842,-0.6108652381980153,2.3233471218313135,0.5072975906363252,0.7165762376791107,1.5598565560779538,1.1560291031903525,0.3491245893455053,0.33315429057702894,true
0.4,14.263157894736842,-0.4363323129985824,2.745462555407529,0.515912123854119,0.9134754319070888,1.6813538772674337,1.274043113447294,0.3443624518135719,0.29007065347659794,true
0.4,14.263157894736842,-0.2617993877991494,3.1189197615572715,0.5158828387975216,1.0793796067426193,1.7772898501224033,1.3564731166837334,0.34473316322330394,0.20180895899392867,true
0.4,14.263157894736842,-0.08726646259971647,3.3500323494533126,0.5135116670249155,1.1781341613277991,1.8320121137045056,1.3999183028570745,0.3461895643556879,0.0729936385734306,true
0.4,14.263157894736842,0.08726646259971647,3.350032349454165,0.5135116670248536,1.1781341613282383,1.832012113704756,1.399918302857235,0.34618956435569737,-0.07299363857344836,true
0.4,14.263157894736842,0.2617993877991494,3.1189197615540643,0.5158828387977705,1.0793796067409995,1.7772898501214403,1.3564731166830999,0.3447331632232734,-0.20180895899373277,true
0.4,14.263157894736842,0.4363323129985824,2.74546255541504,0.5159121238534569,0.9134754319110941,1.6813538772698664,1.2740431134486914,0.34436245181372627,-0.2900706534773768,true
0.4,14.263157894736842,0.6108652381980153,2.3233471218313135,0.5072975906363252,0.7165762376791107,1.5598565560779538,1.1560291031903525,0.3491245893455053,-0.33315429057702894,true
0.4,14.263157894736842,0.7853981633974483,1.9043518400369328,0.4832496876451531,0.5136270639385357,1.4238167464463913,1.0007885681069335,0.36510973498111055,-0.3366450250021859,true
0.4,15.836842105263157,-0.7853981633974483,1.967411308383609,0.5015423265325917,0.5403873966549949,1.4424890959946681,1.0112281252630577,0.3485492457353548,0.3477924696841794,true
0.4,15.836842105263157,-0.6108652381980153,2.398772634841618,0.524888294889267,0.7505549991137592,1.581489803391048,1.1653020013383637,0.3339809972547825,0.3439698648706357,true
0.4,15.836842105263157,-0.4363323129985824,2.8364149512120163,0.5330451633791047,0.9549310374232202,1.7058317840401975,1.2825322401155388,0.32997595827930154,0.29968018902940013,true
0.4,15.836842105263157,-0.2617993877991494,3.2263368355152173,0.532720442695484,1.1278880945084404,1.8043769530479468,1.3646260503142773,0.33075536845157383,0.20875935514855656,true
0.4,15.836842105263157,-0.08726646259971647,3.46907235474434,0.5301836141904567,1.2313082830850077,1.8608107788595036,1.408018076642532,0.3324024222734517,0.07558739184993504,true
0.4,15.836842105263157,0.08726646259971647,3.4690723547374276,0.5301836141909247,1.2313082830814799,1.8608107788575006,1.4080180766414714,0.3324024222733251,-0.07558739184979209,true
0.4,15.836842105263157,0.2617993877991494,3.2263368355152173,0.532720442695484,1.1278880945084404,1.8043769530479468,1.3646260503142773,0.33075536845157383,-0.20875935514855656,true
0.4,15.836842105263157,0.4363323129985824,2.8364149512118533,0.5330451633791181,0.9549310374231323,1.705831784040145,1.2825322401155066,0.3299759582792995,-0.2996801890293835,true
0.4,15.836842105263157,0.6108652381980153,2.398772634841619,0.5248882948892669,0.7505549991137593,1.581489803391048,1.1653020013383637,0.3339809972547825,-0.3439698648706359,true
0.4,15.836842105263157,0.7853981633974483,1.9674113083831524,0.5015423265326495,0.5403873966547468,1.4424890959944903,1.0112281252628934,0.3485492457353574,-0.347792469684102,true
0.4,17.410526315789475,-0.7853981633974483,2.023501936118069,0.5178736588145878,0.5646718297233462,1.459227076111132,1.0203912191964535,0.334102057031245,0.35770798511860846,true
0.4,17.410526315789475,-0.6108652381980153,2.4660046110159253,0.5405624654313455,0.7812547078866313,1.6007840002285396,1.173368297705969,0.32074259743688516,0.3536105342888604,true
0.4,17.410526315789475,-0.4363323129985824,2.9177283602203574,0.5483096972117131,0.9923536767920471,1.727630560449362,1.2898862139484233,0.317369419103316,0.3082713219835406,true
0.4,17.410526315789475,-0.2617993877991494,3.3227053738013326,0.5477316580972155,1.1717256497735105,1.8285106817196182,1.3716815531507536,0.31848330446373463,0.21499485752236308,true
0.4,17.410526315789475,-0.08726646259971647,3.5761529014684887,0.5450560818598681,1.2792817403487604,1.8864155111347076,1.4149859780558567,0.3202948482846446,0.07792056557832448,true
0.4,17.410526315789475,0.08726646259971647,3.5761529014684905,0.545056081859868,1.2792817403487615,1.886415511134708,1.414985978055857,0.3202948482846447,-0.07792056557832454,true
0.4,17.410526315789475,0.2617993877991494,3.3227053738024632,0.5477316580971385,1.17172564977409,1.828510681719947,1.3716815531509474,0.31848330446374995,-0.2149948575224325,true
0.4,17.410526315789475,0.4363323129985824,2.9177283602204316,0.5483096972117073,0.9923536767920869,1.7276305604493851,1.2898862139484368,0.3173694191033176,-0.30827132198354823,true
0.4,17.410526315789475,0.6108652381980153,2.4660046110161176,0.5405624654313276,0.781254707886734,1.6007840002286067,1.1733682977060165,0.32074259743688704,-0.3536105342888857,true
0.4,17.410526315789475,0.7853981633974483,2.0235019361180595,0.5178736588145889,0.5646718297233412,1.4592270761111286,1.0203912191964501,0.3341020570312454,-0.3577079851186069,true
0.4,18.984210526315792,-0.7853981633974483,2.0738586863012682,0.532578906408513,0.5868426381600275,1.474342319861309,1.0285076987713133,0.32135551820630676,0.3666098851171191,true
0.4,18.984210526315792,-0.6108652381980153,2.5264805367135352,0.5546543769399328,0.8091850957617788,1.6181378773724788,1.1804621231840011,0.3090364104563734,0.36228242600984667,true
0.4,18.984210526315792,-0.4363323129985824,2.991068361449078,0.5620332028092299,1.0263615379402518,1.747204360023772,1.2963243878039712,0.3061986044024996,0.31602002794984574,true
0.4,18.984210526315792,-0.2617993877991494,3.4099081992381493,0.5612356891138782,1.2114438101963836,1.8501047719711812,1.3778007448276621,0.307601655211534,0.22063729284247305,true
0.4,18.984210526315792,-0.08726646259971647,3.6732769399571934,0.5584434417834281,1.322909786552425,1.9094029362729998,1.4210639312271764,0.30954012167895356,0.08003679500711854,true
0.4,18.984210526315792,0.08726646259971647,3.673276939957192,0.5584434417834282,1.3229097865524246,1.9094029362729996,1.4210639312271762,0.30954012167895345,-0.08003679500711851,true
0.4,18.984210526315792,0.2617993877991494,3.409908199247651,0.5612356891132669,1.2114438102013905,1.8501047719741588,1.3778007448299912,0.30760165521159544,-0.22063729284302214,true
0.4,18.984210526315792,0.4363323129985824,2.991068361448867,0.5620332028092453,1.0263615379401352,1.7472043600237044,1.2963243878039346,0.3061986044024949,-0.31602002794982387,true
0.4,18.984210526315792,0.6108652381980153,2.5264805367135352,0.5546543769399328,0.8091850957617788,1.6181378773724788,1.1804621231840011,0.3090364104563734,-0.36228242600984667,true
0.4,18.984210526315792,0.7853981633974483,2.073858686301231,0.5325789064085172,0.5868426381600026,1.4743423198612917,1.0285076987713015,0.3213555182063055,-0.36660988511711234,true
0.4,20.55789473684211,-0.7853981633974483,2.1194229796299053,0.5459177787439026,0.6072116510255211,1.4880938469842662,1.0357675444298788,0.30999678436530637,0.37466459041891415,true
0.4,20.55789473684211,-0.6108652381980153,2.5813020800053987,0.5674208556536051,0.8347437371929829,1.6338566250041393,1.186756310361732,0.29858538494264986,0.37014351285413744,true
0.4,20.55789473684211,-0.4363323129985824,3.05771473765039,0.5744667966125041,1.0574422590481005,1.7649035435294413,1.3020104823458474,0.2962065675817035,0.32306152183978576,true
0.4,20.55789473684211,-0.2617993877991494,3.4893781349528217,0.5734785071574448,1.2477891210597694,1.86964657188292,1.3832049905988006,0.29785038061017854,0.2257793770731214,true
0.4,20.55789473684211,-0.08726646259971647,3.7619811400277436,0.5705874213241525,1.362894679645533,1.9302303902002895,1.4264382757877039,0.2998927758842169,0.08196956511776185,true
0.4,20.55789473684211,0.08726646259971647,3.761981140027742,0.5705874213241526,1.3628946796455323,1.9302303902002889,1.4264382757877039,0.29989277588421676,-0.08196956511776182,true
0.4,20.55789473684211,0.2617993877991494,3.489378134955824,0.5734785071572612,1.2477891210613103,1.869646571883794,1.3832049905992336,0.29785038061023383,-0.2257793770733048,true
0.4,20.55789473684211,0.4363323129985824,3.0577147376503833,0.5744667966125045,1.0574422590480976,1.7649035435294396,1.3020104823458463,0.2962065675817034,-0.323061521839785,true
0.4,20.55789473684211,0.6108652381980153,2.581302080005534,0.5674208556535938,0.8347437371930544,1.6338566250041853,1.1867563103617647,0.29858538494265086,-0.3701435128541546,true
0.4,20.55789473684211,0.7853981633974483,2.119422979636246,0.5459177787432233,0.6072116510291421,1.488093846986726,1.0357675444318006,0.3099967843653485,-0.3746645904200327,true
0.4,22.13157894736842,-0.7853981633974483,2.1609363852290624,0.5580941108828763,0.6259947296393247,1.5006630067316356,1.0422940740761928,0.2997950959226708,0.3820031929309414,true
0.4,22.13157894736842,-0.6108652381980153,2.6313292310137375,0.5790632184878998,0.8582613235360705,1.6481876832982831,1.1923887473545274,0.2891768516057785,0.37731711264831935,true
0.4,22.13157894736842,-0.4363323129985824,3.1186788242055257,0.5858063707955058,1.085881099117152,1.7809441911264074,1.3070299636451632,0.28720604711902176,0.3295026543954742,true
0.4,22.13157894736842,-0.2617993877991494,3.562250394388157,0.5846518849060256,1.2812417986749494,1.8874542937624934,1.388023563629553,0.2890408311688274,0.230494557320286,true
0.4,22.13157894736842,-0.08726646259971647,3.8434823742493176,0.5816767323069065,1.3997755706909456,1.9492437357665813,1.4312426452728646,0.29116755480337453,0.0837453902679059,true
0.4,22.13157894736842,0.08726646259971647,3.8434823742492528,0.5816767323069101,1.3997755706909107,1.9492437357665624,1.4312426452728555,0.2911675548033734,-0.08374539026790452,true
0.4,22.13157894736842,0.2617993877991494,3.562250394390806,0.5846518849058712,1.2812417986763864,1.8874542937633203,1.3880235636299665,0.2890408311688641,-0.23049455732045215,true
0.4,22.13157894736842,0.4363323129985824,3.118678824203855,0.5858063707956167,1.0858810991161372,1.7809441911258606,1.3070299636447356,0.2872060471189872,-0.32950265439529003,true
0.4,22.13157894736842,0.6108652381980153,2.6313292310137375,0.5790632184878998,0.8582613235360705,1.6481876832982831,1.1923887473545274,0.2891768516057785,-0.37731711264831935,true
0.4,22.13157894736842,0.7853981633974483,2.1609363852294905,0.5580941108828326,0.6259947296395696,1.5006630067318005,1.042294074076318,0.29979509592267395,-0.382003192931017,true
0.4,23.705263157894738,-0.7853981633974483,2.198982510035105,0.5692716127717601,0.6433898434060701,1.5122101993438692,1.0481984959192625,0.29056611443297936,0.3887288611737588,true
0.4,23.705263157894738,-0.6108652381980153,2.6772485195835887,0.5897416456054055,0.8799835988873538,1.66131489995205,1.197455835412056,0.2806483208247994,0.3839016664973644,true
0.4,23.705263157894738,-0.4363323129985824,3.1747475484991092,0.5962091287795094,1.1121782255550279,1.7956493109804867,1.3115490128207634,0.2790279335507576,0.335426572915694,true
0.4,23.705263157894738,-0.2617993877991494,3.6294323936554447,0.5949084473104626,1.31220998957654,1.903790999221531,1.3923616608607148,0.28102498464330566,0.23484154963756967,true
0.4,23.705263157894738,-0.08726646259971647,3.9187610353341262,0.5918613025539454,1.4339251272776268,1.9666850929414874,1.435561976122114,0.28322400095249045,0.08538563217061157,true
0.4,23.705263157894738,0.08726646259971647,3.9187610353341262,0.5918613025539454,1.4339251272776268,1.9666850929414874,1.435561976122114,0.28322400095249045,-0.08538563217061157,true
0.4,23.705263157894738,0.2617993877991494,3.62943239365785,0.5949084473103283,1.3122099895777624,1.9037909992221747,1.3923616608610518,0.28102498464333503,-0.23484154963772125,true
0.4,23.705263157894738,0.4363323129985824,3.1747475484992944,0.5962091287794976,1.1121782255551318,1.7956493109805463,1.3115490128208156,0.27902793355075906,-0.33542657291571176,true
0.4,23.705263157894738,0.6108652381980153,2.6772485195835887,0.5897416456054055,0.8799835988873538,1.66131489995205,1.197455835412056,0.2806483208247994,-0.3839016664973644,true
0.4,23.705263157894738,0.7853981633974483,2.1989825100342237,0.5692716127718463,0.6433898434055662,1.5122101993435324,1.0481984959190154,0.29056611443296987,-0.388728861173603,true
0.4,25.278947368421054,-0.7853981633974483,2.2340291174061075,0.5795833380974138,0.6595911853811,1.5228861975788381,1.053588225575165,0.2821590687198846,0.3949242845710491,true
0.4,25.278947368421054,-0.6108652381980153,2.7196250791203833,0.5995848449696333,0.8999969896982566,1.6733182537788134,1.2019808740927973,0.2728836192935926,0.3899782154209087,true
0.4,25.278947368421054,-0.4363323129985824,3.226568429904879,0.6058012563956707,1.1365945831808815,1.8091957233203932,1.3156424514551772,0.27155203785337934,0.34090168576918345,true
0.4,25.278947368421054,-0.2617993877991494,3.691663939160834,0.6043712820385978,1.340985778545685,1.9188464886150274,1.3962887500824719,0.2736883962353324,0.23886822302867508,true
0.4,25.278947368421054,-0.08726646259971647,3.9886125115827276,0.6012623869347793,1.4656949149755985,1.9827732675750276,1.4394754613094847,0.27594794548161145,0.08690762148933244,true
0.4,25.278947368421054,0.08726646259971647,3.988612511582623,0.6012623869347845,1.4656949149755458,1.9827732675749996,1.4394754613094716,0.27594794548160984,-0.0869076214893303,true
0.4,25.278947368421054,0.2617993877991494,3.6916639391451107,0.6043712820394403,1.3409857785375965,1.9188464886106322,1.3962887500802967,0.2736883962350881,-0.23886822302770908,true
0.4,25.278947368421054,0.4363323129985824,3.2265684299048445,0.6058012563956728,1.1365945831808606,1.8091957233203817,1.3156424514551726,0.2715520378533794,-0.3409016857691793,true
0.4,25.278947368421054,0.6108652381980153,2.7196250791201884,0.5995848449696476,0.8999969896981572,1.673318253778752,1.201980874092758,0.2728836192935894,-0.3899782154208816,true
0.4,25.278947368421054,0.7853981633974483,2.2340291174060876,0.5795833380974157,0.6595911853810885,1.5228861975788304,1.0535882255751592,0.2821590687198846,-0.3949242845710456,true
0.4,26.85263157894737,-0.7853981633974483,2.2664670725605025,0.5891377140368681,0.6746960366051802,1.5327726750477768,1.0585099964423355,0.27446458624859743,0.40065855899322167,true
0.4,26.85263157894737,-0.6108652381980153,2.758894694829366,0.6087002089905097,0.9186507721429349,1.6844291448583002,1.2061100297877756,0.2657585259830027,0.39560924689204285,true
0.4,26.85263157894737,-0.4363323129985824,3.274674222997974,0.6146858904246288,1.1593375578744678,1.8217231172807193,1.319366784639014,0.2646824083917947,0.34598428192875696,true
0.4,26.85263157894737,-0.2617993877991494,3.7495460256718656,0.6131415034311103,1.3678141933958154,1.9327773764119052,1.3998611982010771,0.2669383317641122,0.24261348048564116,true
0.4,26.85263157894737,-0.08726646259971647,4.053692943731423,0.6099791972820661,1.4953709489334146,1.9976841340284948,1.4430444431229106,0.2692478792343536,0.08832565483055675,true
0.4,26.85263157894737,0.08726646259971647,4.0536929437315345,0.6099791972820607,1.495370948933471,1.9976841340285245,1.4430444431229241,0.26924787923435506,-0.08832565483055911,true
0.4,26.85263157894737,0.2617993877991494,3.749546025671875,0.6131415034311098,1.3678141933958188,1.9327773764119072,1.3998611982010782,0.26693833176411225,-0.24261348048564166,true
0.4,26.85263157894737,0.4363323129985824,3.2746742229979704,0.6146858904246291,1.1593375578744674,1.8217231172807185,1.3193667846390122,0.26468240839179513,-0.34598428192875674,true
0.4,26.85263157894737,0.6108652381980153,2.758894694829243,0.6087002089905184,0.9186507721428618,1.6844291448582556,1.2061100297877387,0.26575852598300437,-0.3956092468920266,true
0.4,26.85263157894737,0.7853981633974483,2.2664670725605767,0.5891377140368613,0.6746960366052224,1.532772675047804,1.0585099964423403,0.2744645862486045,-0.4006585589932357,true
0.4,28.426315789473687,-0.7853981633974483,2.2966222874981645,0.5980245803969322,0.6887657541531347,1.541924613416417,1.0629904232103184,0.2673961461460186,0.4059892965640529,true
0.4,28.426315789473687,-0.6108652381980153,2.79543066191459,0.6171756492639443,0.9361053481313002,1.6947597750695176,1.2099005525975193,0.25918770649634837,0.40084828951042895,true
0.4,28.426315789473687,-0.4363323129985824,3.3195038650651854,0.6229485722139623,1.1806130620517332,1.8333647003994893,1.3227790391094199,0.25833841869747104,0.3507207382632294,true
0.4,28.426315789473687,-0.2617993877991494,3.8035941103249282,0.6213019953374256,1.3929474541995521,1.945737625779666,1.4031379212511441,0.2606972397514584,0.24611064890094622,true
0.4,28.426315789473687,-0.08726646259971647,4.114551057571782,0.6180937957521617,1.5231654006778537,2.0115493542118514,1.44631117841492,0.26305053975469733,0.08965168834239284,true
0.4,28.426315789473687,0.08726646259971647,4.11455105757269,0.6180937957521195,1.5231654006783177,2.011549354212095,1.4463111784150326,0.2630505397547089,-0.08965168834241218,true
0.4,28.426315789473687,0.2617993877991494,3.803594110324935,0.6213019953374253,1.3929474541995557,1.9457376257796677,1.4031379212511448,0.2606972397514586,-0.24611064890094667,true
0.4,28.426315789473687,0.4363323129985824,3.3195038650651774,0.6229485722139627,1.180613062051728,1.8333647003994868,1.3227790391094199,0.25833841869747076,-0.3507207382632282,true
0.4,28.426315789473687,0.6108652381980153,2.7954306619145526,0.6171756492639469,0.9361053481312899,1.69475977506951,1.2099005525975226,0.2591877064963446,-0.40084828951042467,true
0.4,28.426315789473687,0.7853981633974483,2.2966222874861555,0.5980245803979831,0.6887657541462455,1.5419246134118487,1.0629904232066933,0.2673961461460791,-0.4059892965619826,true
0.4,30.0,-0.7853981633974483,2.324757583003908,0.6063201314939674,0.7019181671405013,1.550431015798685,1.067091164283557,0.2608715305534616,0.4109629628806606,true
0.4,30.0,-0.6108652381980153,2.829548304803732,0.6250844881319959,0.9524658398958431,1.7043860120532108,1.2133858325171178,0.2531039999559141,0.40574055866546843,true
0.4,30.0,-0.4363323129985824,3.361426213616101,0.6306607589561535,1.200586660532291,1.8442270254142614,1.325922763413997,0.2524543958883925,0.35515002582736466,true
0.4,30.0,-0.2617993877991494,3.8542291513744535,0.6289227234918534,1.4165482940614138,1.957829560533747,1.4061525486071007,0.2549034422160733,0.24938697714453661,true
0.4,30.0,-0.08726646259971647,4.171647633240559,0.6256748946478026,1.5492785490841774,2.0244893441498104,1.4493156237667368,0.25729432553980824,0.09089576192573474,true
0.4,30.0,0.08726646259971647,4.171647633241077,0.6256748946477794,1.5492785490844396,2.024489344149947,1.4493156237668015,0.25729432553981446,-0.09089576192574571,true
0.4,30.0,0.2617993877991494,3.854229151374451,0.6289227234918535,1.4165482940614131,1.9578295605337468,1.4061525486071005,0.2549034422160733,-0.2493869771445364,true
0.4,30.0,0.4363323129985824,3.3614262136160864,0.6306607589561543,1.2005866605322848,1.8442270254142579,1.3259227634139945,0.2524543958883924,-0.3551500258273634,true
0.4,30.0,0.6108652381980153,2.8295483048036685,0.6250844881320001,0.9524658398958087,1.7043860120531895,1.2133858325171019,0.25310399995591415,-0.40574055866546,true
0.4,30.0,0.7853981633974483,2.324757583003908,0.6063201314939674,0.7019181671405013,1.550431015798685,1.067091164283557,0.2608715305534616,-0.4109629628806606,true
0.4,40.0,-0.7853981633974483,2.468210248637983,0.6487016760189438,0.7701552122295212,1.593835130822915,1.08731023735459,0.22845864825297352,0.43632205112293215,true
0.4,40.0,-0.6108652381980153,3.0040609195638237,0.6654509101814622,1.0371881808908376,1.753389962843195,1.2304858152331504,0.22271412433296842,0.43076463920309044,true
0.4,40.0,-0.4363323129985824,3.5768084374467026,0.6700545577750864,1.3040571764955449,1.899503709965197,1.3412932035353329,0.2229431430991644,0.3779061426330847,true
0.4,40.0,-0.2617993877991494,4.115766639751811,0.667913212042928,1.5391825444995617,2.0194962463807635,1.4209047558295569,0.2257513768913689,0.26630969789170494,true
0.4,40.0,-0.08726646259971647,4.4678122781465,0.6645148996282182,1.685468720714215,2.0906787035432033,1.4640725198823477,0.22827317207288622,0.09734887439444163,true
0.4,40.0,0.08726646259971647,4.467812278146538,0.6645148996282167,1.6854687207142331,2.0906787035432117,1.4640725198823485,0.2282731720728869,-0.0973488743944425,true
0.4,40.0,0.2617993877991494,4.115766639751883,0.6679132120429251,1.5391825444995981,2.0194962463807826,1.4209047558295655,0.22575137689136973,-0.26630969789170944,true
0.4,40.0,0.4363323129985824,3.57680843744675,0.6700545577750842,1.3040571764955684,1.899503709965208,1.3412932035353333,0.22294314309916552,-0.3779061426330905,true
0.4,40.0,0.6108652381980153,3.0040609195638277,0.665450910181462,1.0371881808908399,1.7533899628431961,1.230485815233151,0.22271412433296847,-0.43076463920309094,true
0.4,40.0,0.7853981633974483,2.468210248637952,0.648701676018946,0.7701552122295018,1.5938351308229026,1.087310237354578,0.22845864825297435,-0.43632205112292705,true
0.4,50.0,-0.7853981633974483,2.5714934610285414,0.6792824631531016,0.8204418735452563,1.6250796125034432,1.1011648685798894,0.20594694901128638,0.4545801160183499,true
0.4,50.0,-0.6108652381980153,3.1302878478166196,0.6945482511379253,1.0994863682514058,1.7885672301672781,1.2421280344141672,0.20143770823280546,0.44886483709810265,true
0.4,50.0,-0.4363323129985824,3.733586196966646,0.6984895440170343,1.3802474115519954,1.939199531807204,1.35172274306367,0.20215778388929898,0.3944704277461428,true
0.4,50.0,-0.2617993877991494,4.307622975897106,0.6961284353297428,1.6298854541353864,2.063921245821218,1.4309269368572715,0.2051239547327297,0.27872371631204584,true
0.4,50.0,-0.08726646259971647,4.68643641100228,0.6926790718797387,1.7865910851697082,2.1384999829046136,1.4741180554221973,0.2076845063922184,0.10211246110508859,true
0.4,50.0,0.08726646259971647,4.686436411003824,0.692679071879688,1.7865910851706353,2.138499982905056,1.474118055422497,0.20768450639222233,-0.10211246110512283,true
0.4,50.0,0.2617993877991494,4.307622975897062,0.6961284353297443,1.6298854541353651,2.0639212458212075,1.4309269368572677,0.205123954732729,-0.27872371631204323,true
0.4,50.0,0.4363323129985824,3.733586196966789,0.6984895440170286,1.3802474115520567,1.9391995318072364,1.3517227430636911,0.2021577838893035,-0.39447042774615176,true
0.4,50.0,0.6108652381980153,3.1302878478166125,0.6945482511379256,1.0994863682514022,1.7885672301672761,1.242128034414165,0.20143770823280563,-0.4488648370981018,true
0.4,50.0,0.7853981633974483,2.5714934610285414,0.6792824631531016,0.8204418735452563,1.6250796125034432,1.1011648685798894,0.20594694901128638,-0.4545801160183499,true
0.4,60.0,-0.7853981633974483,2.650679409279585,0.7027526613923692,0.8595969605415499,1.6489978535764678,1.1113903141764936,0.18911952547188457,0.4685783462627159,true
0.4,60.0,-0.6108652381980153,3.2273956643312953,0.7168699530265922,1.1479133510322588,1.8154411864271562,1.2506764482492632,0.18544089175145204,0.46278952601615386,true
0.4,60.0,-0.4363323129985824,3.8547617066154336,0.7203290025465875,1.4395593615885873,1.9695478475122603,1.3593666306049377,0.18646036840954555,0.40727317304015415,true
0.4,60.0,-0.2617993877991494,4.456774079268429,0.7178429497144145,1.7007684930474587,2.0979840291661014,1.4382868571401999,0.18949125520431476,0.2883745028879547,true
0.4,60.0,-0.08726646259971647,4.857210817582962,0.7143898577200173,1.8658428211719453,2.1752438043739564,1.4815042005022232,0.19205028687374967,0.10583345538973432,true
0.4,60.0,0.08726646259971647,4.857210817581058,0.7143898577200732,1.8658428211710867,2.1752438043735167,1.4815042005020065,0.19205028687373035,-0.10583345538970022,true
0.4,60.0,0.2617993877991494,4.456774079266203,0.717842949714485,1.7007684930463052,2.097984029165523,1.438286857139909,0.18949125520430196,-0.28837450288781474,true
0.4,60.0,0.4363323129985824,3.8547617066154363,0.7203290025465874,1.4395593615885875,1.9695478475122605,1.359366630604938,0.1864603684095457,-0.40727317304015415,true
0.4,60.0,0.6108652381980153,3.2273956643344643,0.7168699530264532,1.1479133510340893,1.8154411864281759,1.2506764482497597,0.18544089175149886,-0.46278952601660445,true
0.4,60.0,0.7853981633974483,2.6506794092796446,0.7027526613923659,0.8595969605415855,1.6489978535764906,1.111390314176506,0.18911952547188532,-0.4685783462627266,true
0.5,-2.0,-0.7853981633974483,-1.6600861354300145,-0.28844329926854534,-0.1891607568117404,0.7884659063758713,0.6189218874312987,1.4720225796452593,-0.29346454091749946,true
0.5,-2.0,-0.6108652381980153,-2.535431842008536,-0.3745054078428683,-0.2823634380106977,0.659752318470584,0.6751526894963611,1.6676655966930514,-0.3635659901460823,true
0.5,-2.0,-0.4363323129985824,-3.361576861718866,-0.43047678322617505,-0.35369685261568273,0.5409309486348649,0.699376042953038,1.8537269860445376,-0.35516594266605356,true
0.5,-2.0,-0.2617993877991494,-3.958772478935753,-0.456536912508151,-0.39521315711902044,0.45779221096413786,0.7044485026704133,1.997174573615982,-0.2561514284135727,true
0.5,-2.0,-0.08726646259971647,-4.259411677315162,-0.4649256548273612,-0.4130383107006994,0.4170412528255702,0.7036082594384934,2.074096164982445,-0.09280804721084294,true
0.5,-2.0,0.08726646259971647,-4.259411677314807,-0.46492565482730014,-0.41303831070067,0.41704125282560417,0.7036082594384794,2.0740961649823704,0.09280804721083562,true
0.5,-2.0,0.2617993877991494,-3.9587724789360563,-0.45653691250820677,-0.39521315711903937,0.45779221096409495,0.7044485026704119,1.9971745736160507,0.2561514284135928,true
0.5,-2.0,0.4363323129985824,-3.36157686171953,-0.4304767832263162,-0.3536968526157589,0.5409309486347776,0.6993760429530594,1.8537269860446866,0.35516594266612883,true
0.5,-2.0,0.6108652381980153,-2.535431842009219,-0.3745054078430532,-0.28236343801075375,0.6597523184704853,0.675152689496389,1.6676655966932072,0.36356599014617536,true
0.5,-2.0,0.7853981633974483,-1.6600861354300323,-0.2884432992685523,-0.18916075681174285,0.7884659063758703,0.6189218874313028,1.4720225796452628,0.2934645409175026,true
0.5,-1.0,-0.7853981633974483,-0.6214548226397334,-0.11485857635821535,-0.09071700808050752,0.9047463644893482,0.6607562206366427,1.1930633947418334,-0.10985872981752678,true
0.5,-1.0,-0.6108652381980153,-0.8721568073897954,-0.14007328219890167,-0.13913085844438844,0.8495518130458412,0.7450952091658498,1.2533879539046353,-0.12506214837805188,true
0.5,-1.0,-0.4363323129985824,-1.096635200016754,-0.1554612341565167,-0.18379855113349433,0.7952376359038426,0.801871990448648,1.305948488520149,-0.11586451549977715,true
0.5,-1.0,-0.2617993877991494,-1.2614990675041748,-0.16278571781796145,-0.21672137181187012,0.7526999774739295,0.8350800174347012,1.3449786026335642,-0.08162499601647258,true
0.5,-1.0,-0.08726646259971647,-1.3476684168226851,-0.16532563247178594,-0.23381749450321446,0.7296334770041453,0.8499584932358324,1.3658210672254916,-0.02936426046419545,true
0.5,-1.0,0.08726646259971647,-1.3476684168227007,-0.1653256324717927,-0.23381749450321773,0.7296334770041496,0.8499584932358448,1.3658210672254945,0.02936426046419576,true
0.5,-1.0,0.2617993877991494,-1.261499067504186,-0.16278571781796652,-0.21672137181187265,0.7526999774739247,0.8350800174347011,1.3449786026335673,0.08162499601647329,true
0.5,-1.0,0.4363323129985824,-1.0966352000167636,-0.15546123415652188,-0.1837985511334959,0.7952376359038421,0.8018719904486526,1.305948488520151,0.11586451549977815,true
0.5,-1.0,0.6108652381980153,-0.8721568073897954,-0.14007328219890167,-0.13913085844438844,0.8495518130458412,0.7450952091658498,1.2533879539046353,0.12506214837805188,true
0.5,-1.0,0.7853981633974483,-0.6214548226396521,-0.11485857635814241,-0.09071700808049273,0.9047463644893659,0.6607562206366128,1.193063394741814,0.10985872981751255,true
0.5,0.1,-0.7853981633974483,0.04905385450492038,0.009506643082142014,0.008804965529128211,1.0087665394144927,0.7116786894111828,0.9841303091580313,0.008671578312771388,true
0.5,0.1,-0.6108652381980153,0.06562228535230302,0.011080009375437887,0.013691968796397514,1.0135994956554983,0.8260410811777157,0.9806725723614351,0.009409849144281135,true
0.5,0.1,-0.4363323129985824,0.08019726347639484,0.011892801515529482,0.018557929574994712,1.0183888545889024,0.9154724675136542,0.9782153807837723,0.008473207021773517,true
0.5,0.1,-0.2617993877991494,0.09104473000908972,0.012166777617897901,0.02248672865123777,1.0222394324736515,0.9769262022050211,0.9767100313362348,0.005891027520628785,true
0.5,0.1,-0.08726646259971647,1.2672662613918332e-12,1.000003573466461,-9.528664984038365e-9,0.9999999964105714,-3.556882544550455e-6,1.0008390862456242,-1.2346749483665728e-13,true
0.5,0.1,0.08726646259971647,9.86135559548762e-13,1.0000031522748987,-8.69633857073925e-9,0.9999999965248976,-3.137390524790702e-6,1.0009205359870363,8.684175416417176e-14,true
0.5,0.1,0.2617993877991494,0.09104473000904417,0.01216677761814496,0.022486728651219624,1.0222394324736341,0.9769262022047718,0.9767100313362399,-0.005891027520625847,true
0.5,0.1,0.4363323129985824,0.08019726347611728,0.011892801517239452,0.018557929574866846,1.0183888545887774,0.9154724675120273,0.9782153807837844,-0.008473207021744505,true
0.5,0.1,0.6108652381980153,0.06562228535230319,0.011080009375436656,0.013691968796397712,1.0135994956554986,0.8260410811777168,0.9806725723614352,-0.009409849144281173,true
0.5,0.1,0.7853981633974483,0.04905385457630039,0.009506642361490947,0.00880496555023716,1.0087665394354306,0.7116786899415098,0.9841303091427653,-0.008671578325427478,true
0.5,1.6736842105263159,-0.7853981633974483,0.6359792243536229,0.12823445023567176,0.1370595555775495,1.128768847542212,0.7742674942411927,0.796147760683827,0.11242630558198849,true
0.5,1.6736842105263159,-0.6108652381980153,0.8238981059659396,0.14348401349997897,0.20998282363696136,1.1916231146569687,0.9104078611477205,0.7706620857301248,0.11814213491618739,true
0.5,1.6736842105263159,-0.4363323129985824,0.9943171023821573,0.14954765361145722,0.2823192762983642,1.2508551285406875,1.0172895422341577,0.7576717856951163,0.10505414135682856,true
0.5,1.6736842105263159,-0.2617993877991494,1.1283193987749132,0.14996758016572428,0.34147617411370706,1.2972865328133492,1.0912325823427085,0.7524227930378651,0.073007637342015,true
0.5,1.6736842105263159,-0.08726646259971647,1.203508325919991,0.14877657999308203,0.3750624967853531,1.322922897800456,1.1291890532762865,0.7509674798041227,0.026223165516068205,true
0.5,1.6736842105263159,0.08726646259971647,1.203508325919993,0.1487765799930813,0.375062496785354,1.3229228978004566,1.1291890532762876,0.7509674798041227,-0.026223165516068257,true
0.5,1.6736842105263159,0.2617993877991494,1.1283193987749207,0.1499675801657214,0.34147617411371123,1.2972865328133525,1.0912325823427123,0.7524227930378652,-0.07300763734201551,true
0.5,1.6736842105263159,0.4363323129985824,0.9943171023821579,0.1495476536114571,0.28231927629836423,1.2508551285406877,1.0172895422341577,0.7576717856951164,-0.10505414135682858,true
0.5,1.6736842105263159,0.6108652381980153,0.823898105966217,0.1434840134998347,0.2099828236370979,1.1916231146570815,0.910407861147902,0.770662085730106,-0.11814213491622562,true
0.5,1.6736842105263159,0.7853981633974483,0.6359792243535793,0.1282344502357017,0.1370595555775306,1.1287688475421953,0.7742674942411578,0.7961477606838323,-0.11242630558198101,true
0.5,3.2473684210526317,-0.7853981633974483,1.0145355983513895,0.20953460626481948,0.24329741804618998,1.2192599542544236,0.8180891600310544,0.6832304672027985,0.1793462506616865,true
0.5,3.2473684210526317,-0.6108652381980153,1.2963479630204229,0.2286872794570605,0.3646487722447575,1.3150275837511753,0.9595825748702496,0.6584346320313792,0.18588866100236617,true
0.5,3.2473684210526317,-0.4363323129985824,1.5620630117370613,0.2347421709652882,0.4849564429836596,1.4035358512908676,1.0691788399086615,0.648683927652618,0.16503908871229492,true
0.5,3.2473684210526317,-0.2617993877991494,1.78102955678267,0.2332990458162331,0.5848609930501935,1.4729976191785017,1.144992679673365,0.6467956221962795,0.11524109229590686,true
0.5,3.2473684210526317,-0.08726646259971647,1.908760895673065,0.23039876313390528,0.6426289289867367,1.5117069352193304,1.1841491897273495,0.6474460130505464,0.04158986839677701,true
0.5,3.2473684210526317,0.08726646259971647,1.9087608956730684,0.2303987631339046,0.6426289289867388,1.5117069352193317,1.1841491897273504,0.6474460130505467,-0.04158986839677709,true
0.5,3.2473684210526317,0.2617993877991494,1.781029556782671,0.23329904581623276,0.5848609930501943,1.4729976191785021,1.1449926796733656,0.6467956221962796,-0.115241092295907,true
0.5,3.2473684210526317,0.4363323129985824,1.5620630117370493,0.23474217096529112,0.48495644298365326,1.403535851290863,1.0691788399086575,0.6486839276526177,-0.16503908871229367,true
0.5,3.2473684210526317,0.6108652381980153,1.296347963005319,0.22868727946155382,0.364648772236174,1.3150275837444583,0.9595825748630825,0.6584346320300645,-0.18588866100025267,true
0.5,3.2473684210526317,0.7853981633974483,1.0145355983514253,0.20953460626480563,0.24329741804620794,1.2192599542544382,0.8180891600310742,0.6832304672027958,-0.17934625066169246,true
0.5,4.821052631578947,-0.7853981633974483,1.285907211192605,0.26961999164251077,0.3305928974582916,1.2888699681936047,0.848958095273478,0.6083417539817977,0.22731842726143062,true
0.5,4.821052631578947,-0.6108652381980153,1.6322384406505643,0.2896762347948256,0.4886929110490007,1.4061955134679476,0.9915080641097176,0.586846628306217,0.23405337701535958,true
0.5,4.821052631578947,-0.4363323129985824,1.9692865193033773,0.29480730291092755,0.6454230970320327,1.5135541596108268,1.1008723682811417,0.5805592465445772,0.20806411141253628,true
0.5,4.821052631578947,-0.2617993877991494,2.2567917173146688,0.2916775200698247,0.7776052671023498,1.5985025912678381,1.176846487743882,0.5813731727921421,0.146025169306378,true
0.5,4.821052631578947,-0.08726646259971647,2.429360201398033,0.2874246515553283,0.8555047010606026,1.646514318833863,1.2164439747096685,0.5835564964457073,0.052933173189386375,true
0.5,4.821052631578947,0.08726646259971647,2.4293602013980298,0.28742465155532876,0.855504701060601,1.646514318833862,1.216443974709668,0.5835564964457071,-0.0529331731893863,true
0.5,4.821052631578947,0.2617993877991494,2.2567917173146643,0.2916775200698254,0.7776052671023479,1.5985025912678368,1.1768464877438811,0.581373172792142,-0.14602516930637768,true
0.5,4.821052631578947,0.4363323129985824,1.9692865193033757,0.29480730291092766,0.6454230970320324,1.5135541596108264,1.1008723682811412,0.5805592465445771,-0.20806411141253617,true
0.5,4.821052631578947,0.6108652381980153,1.6322384406505583,0.28967623479482696,0.48869291104899765,1.4061955134679454,0.9915080641097155,0.5868466283062168,-0.23405337701535867,true
0.5,4.821052631578947,0.7853981633974483,1.2859072111926233,0.26961999164250566,0.3305928974583012,1.2888699681936122,0.8489580952734863,0.6083417539817968,-0.22731842726143373,true
0.5,6.394736842105263,-0.7853981633974483,1.493852697786831,0.31647005227914693,0.4046021712932482,1.345066668446735,0.8724192083210727,0.5540096510782356,0.2640783431820123,true
0.5,6.394736842105263,-0.6108652381980153,1.8896388588874995,0.3363890436178435,0.5909169650724239,1.4771032225709277,1.0140149272982861,0.5360850780650591,0.27096308066847535,true
0.5,6.394736842105263,-0.4363323129985824,2.2843618961003416,0.3405294534900427,0.7772939211624865,1.5983078058933287,1.1226241265578543,0.5323984023086801,0.24135326341523644,true
0.5,6.394736842105263,-0.2617993877991494,2.6300462896545516,0.3360634467315049,0.9364688013007417,1.6949742190122905,1.1984028319010778,0.5351401433543302,0.1701765172583865,true
0.5,6.394736842105263,-0.08726646259971647,2.842191840174844,0.330776582167153,1.0316092734995834,1.7502052872087297,1.238190407125102,0.5384283518967533,0.06192833520831564,true
0.5,6.394736842105263,0.08726646259971647,2.842191840174849,0.3307765821671524,1.0316092734995856,1.750205287208731,1.2381904071251026,0.5384283518967532,-0.06192833520831573,true
0.5,6.394736842105263,0.2617993877991494,2.630046289654499,0.33606344673151145,0.9364688013007124,1.6949742190122732,1.1984028319010709,0.5351401433543271,-0.170176517258383,true
0.5,6.394736842105263,0.4363323129985824,2.28436189610035,0.3405294534900415,0.7772939211624915,1.5983078058933315,1.1226241265578556,0.5323984023086807,-0.2413532634152373,true
0.5,6.394736842105263,0.6108652381980153,1.8896388588875002,0.33638904361784333,0.5909169650724245,1.4771032225709282,1.0140149272982866,0.5360850780650592,-0.2709630806684754,true
0.5,6.394736842105263,0.7853981633974483,1.4938526977868463,0.3164700522791434,0.4046021712932572,1.3450666684467416,0.872419208321079,0.5540096510782353,-0.264078343182015,true
0.5,7.968421052631578,-0.7853981633974483,1.6605764089235486,0.35440777324715944,0.4677640729613516,1.3912325994913506,0.8905540597852178,0.5126051996770292,0.2935512098563503,true
0.5,7.968421052631578,-0.6108652381980153,2.0964681459570116,0.37382823968876666,0.6776391583819029,1.534691603115693,1.0310300007902218,0.49749267901506894,0.30062118202672705,true
0.5,7.968421052631578,-0.4363323129985824,2.539755160626952,0.37707741503740494,0.8885737044232557,1.666477545313227,1.1386380142098695,0.49582007791053934,0.2683367277585239,true
0.5,7.968421052631578,-0.2617993877991494,2.9361598161584612,0.37156562868219173,1.0708020812859314,1.7724570976037304,1.2140971932988038,0.4999772606418022,0.1899835199506835,true
0.5,7.968421052631578,-0.08726646259971647,3.1838505777687782,0.365479035587872,1.1810977300256718,1.8336290289329713,1.253996513175721,0.5040735164418222,0.06937271649963897,true
0.5,7.968421052631578,0.08726646259971647,3.1838505777638617,0.3654790355883619,1.1810977300229726,1.8336290289314903,1.2539965131751651,0.5040735164415684,-0.06937271649953172,true
0.5,7.968421052631578,0.2617993877991494,2.9361598161584843,0.37156562868218934,1.0708020812859438,1.7724570976037375,1.2140971932988067,0.4999772606418032,-0.1899835199506849,true
0.5,7.968421052631578,0.4363323129985824,2.5397551606269304,0.37707741503740766,0.8885737044232436,1.6664775453132197,1.138638014209866,0.49582007791053834,-0.26833672775852146,true
0.5,7.968421052631578,0.6108652381980153,2.096468145957031,0.37382823968876383,0.677639158381914,1.5346916031157003,1.0310300007902264,0.4974926790150697,-0.30062118202672977,true
0.5,7.968421052631578,0.7853981633974483,1.6605764089235675,0.3544077732471557,0.4677640729613623,1.3912325994913584,0.8905540597852246,0.512605199677029,-0.2935512098563536,true
0.5,9.542105263157895,-0.7853981633974483,1.798572511801637,0.3860162569977488,0.52294002328338,1.43034263256016,0.9052637467723579,0.4795862757635686,0.3179457048784036,true
0.5,9.542105263157895,-0.6108652381980153,2.268202357976674,0.4048118474854952,0.7524850359112071,1.582709724431508,1.0443917893532342,0.4668263354320847,0.32524685635132566,true
0.5,9.542105263157895,-0.4363323129985824,2.753424848793421,0.407294713733821,0.9843056463551276,1.7229658421448246,1.15098341309373,0.4667082160667723,0.2909119057391623,true
0.5,9.542105263157895,-0.2617993877991494,3.194817777005051,0.4009581464869781,1.1866859221973554,1.8366741260667605,1.2261174820235308,0.47192051725267564,0.20671992150480054,true
0.5,9.542105263157895,-0.08726646259971647,3.474805970560406,0.39424228796486965,1.3105586299962,1.9029233461442232,1.2661042408509644,0.4766215922877569,0.0757123237342381,true
0.5,9.542105263157895,0.08726646259971647,3.474805970560406,0.39424228796486965,1.3105586299962,1.9029233461442232,1.2661042408509644,0.4766215922877569,-0.0757123237342381,true
0.5,9.542105263157895,0.2617993877991494,3.1948177770050488,0.40095814648697825,1.1866859221973545,1.83667412606676,1.2261174820235305,0.47192051725267564,-0.20671992150480045,true
0.5,9.542105263157895,0.4363323129985824,2.75342484879342,0.4072947137338211,0.9843056463551274,1.7229658421448244,1.15098341309373,0.46670821606677204,-0.29091190573916215,true
0.5,9.542105263157895,0.6108652381980153,2.2682023579766804,0.40481184748549437,0.7524850359112105,1.5827097244315103,1.0443917893532353,0.4668263354320849,-0.3252468563513265,true
0.5,9.542105263157895,0.7853981633974483,1.798572511801854,0.38601625699771175,0.5229400232835067,1.4303426325602489,0.9052637467724265,0.47958627576356966,-0.31794570487844137,true
0.5,11.11578947368421,-0.7853981633974483,1.9155552005629748,0.4129269055022952,0.5717040474496653,1.4640382832503118,0.9174622974567617,0.4524691300832931,0.3386255180072897,true
0.5,11.11578947368421,-0.6108652381980153,2.414259450725348,0.4310720184217632,0.8180010407990669,1.6235769404574412,1.0551963127561468,0.4416604885123037,0.3461905830357581,true
0.5,11.11578947368421,-0.4363323129985824,2.936340553658409,0.4329030080732629,1.067964618242435,1.770855510058995,1.1608374796783845,0.44275312221881324,0.3102377849404271,true
0.5,11.11578947368421,-0.2617993877991494,3.418145878991961,0.4259081755379875,1.288260702580156,1.8911693218761236,1.2356739992937005,0.44876732949192505,0.22117031321501954,true
0.5,11.11578947368421,-0.08726646259971647,3.7277413637557824,0.4186890497730173,1.424456480712678,1.961864663185491,1.2757394808392652,0.45393193200665816,0.08122351699004905,true
0.5,11.11578947368421,0.08726646259971647,3.727741363756019,0.41868904977299887,1.424456480712807,1.9618646631855605,1.2757394808393019,0.4539319320066596,-0.08122351699005383,true
0.5,11.11578947368421,0.2617993877991494,3.418145878992128,0.4259081755379734,1.2882607025802535,1.8911693218761738,1.2356739992937171,0.4487673294919333,-0.22117031321503094,true
0.5,11.11578947368421,0.4363323129985824,2.9363405536583476,0.4329030080732688,1.0679646182424003,1.7708555100589756,1.1608374796783778,0.44275312221881025,-0.31023778494042087,true
0.5,11.11578947368421,0.6108652381980153,2.414259450725348,0.4310720184217631,0.8180010407990669,1.6235769404574412,1.0551963127561468,0.4416604885123037,-0.34619058303575817,true
0.5,11.11578947368421,0.7853981633974483,1.9155552005628764,0.4129269055023104,0.5717040474496067,1.464038283250272,0.9174622974567325,0.4524691300832923,-0.3386255180072722,true
0.5,12.689473684210526,-0.7853981633974483,2.0165762937498375,0.43623186944541825,0.6152190422716065,1.493465126655614,0.9277582016227361,0.429685523413394,0.3564836930214092,true
0.5,12.689473684210526,-0.6108652381980153,2.5407772555572294,0.45374305393304515,0.8760329203037374,1.6589351526240226,1.064139124762636,0.4204971730610788,0.36433249092810116,true
0.5,12.689473684210526,-0.4363323129985824,3.0956913292210215,0.4550190656220694,1.142010560494139,1.8121868339220462,1.1689159711693553,0.4225457404423838,0.32707392210230035,true
0.5,12.689473684210526,-0.2617993877991494,3.6141580104430737,0.4474927449837624,1.378444685982701,1.9382696846644756,1.2434907336321737,0.4291797381713825,0.23385323139655154,true
0.5,12.689473684210526,-0.08726646259971647,3.9510866452410274,0.43986559882486603,1.5259416465232787,2.012929033286219,1.2836324308372384,0.4347061566355277,0.08608997280387216,true
0.5,12.689473684210526,0.08726646259971647,3.9510866452409865,0.4398655988248689,1.5259416465232567,2.0129290332862078,1.2836324308372355,0.43470615663552575,-0.08608997280387125,true
0.5,12.689473684210526,0.2617993877991494,3.614158010443145,0.447492744983757,1.3784446859827424,1.9382696846644965,1.2434907336321805,0.42917973817138544,-0.23385323139655612,true
0.5,12.689473684210526,0.4363323129985824,3.0956913292210215,0.45501906562206945,1.142010560494139,1.8121868339220462,1.168915971169355,0.4225457404423837,-0.32707392210230024,true
0.5,12.689473684210526,0.6108652381980153,2.5407772555572503,0.453743053933043,0.8760329203037488,1.6589351526240292,1.064139124762639,0.42049717306107975,-0.36433249092810416,true
0.5,12.689473684210526,0.7853981633974483,2.0165762937498104,0.436231869445422,0.6152190422715902,1.4934651266556034,0.9277582016227295,0.4296855234133932,-0.3564836930214044,true
0.5,14.263157894736842,-0.7853981633974483,2.1051082172779965,0.4566941689628382,0.6543693022493856,1.5194533900238587,0.936574971168049,0.4101916555404265,0.37213407390020203,true
0.5,14.263157894736842,-0.6108652381980153,2.6519684789562916,0.47360492842006774,0.9279533768500724,1.6899428256040219,1.0716831519168701,0.40235548873547033,0.38027665730800847,true
0.5,14.263157894736842,-0.4363323129985824,3.2364405762558404,0.4744061652702816,1.2082483963588584,1.8483767994664237,1.1756820283466203,0.4051688923329761,0.34194472262907377,true
0.5,14.263157894736842,-0.2617993877991494,3.788432294719807,0.46644629253825853,1.4593647624236794,1.979578114778615,1.2500287464542996,0.41228917115477165,0.24512961073326048,true
0.5,14.263157894736842,-0.08726646259971647,4.150742371868364,0.4584845921076441,1.6173076436811988,2.0578180913167374,1.2902457296011052,0.41810235178524713,0.09044025862040739,true
0.5,14.263157894736842,0.08726646259971647,4.150742371870972,0.45848459210747394,1.61730764368252,2.0578180913173396,1.2902457296011505,0.4181023517853791,-0.09044025862045779,true
0.5,14.263157894736842,0.2617993877991494,3.788432294719828,0.4664462925382571,1.4593647624236603,1.9795781147786211,1.2500287464543145,0.4122891711547911,-0.24512961073326167,true
0.5,14.263157894736842,0.4363323129985824,3.2364405762558426,0.4744061652702813,1.2082483963588617,1.8483767994664255,1.1756820283466207,0.4051688923329764,-0.3419447226290744,true
0.5,14.263157894736842,0.6108652381980153,2.6519684789562916,0.47360492842006774,0.9279533768500724,1.6899428256040219,1.0716831519168701,0.40235548873547033,-0.38027665730800847,true
0.5,14.263157894736842,0.7853981633974483,2.1051082172779965,0.4566941689628382,0.6543693022493856,1.5194533900238587,0.936574971168049,0.4101916555404265,-0.37213407390020203,true
0.5,15.836842105263157,-0.7853981633974483,2.183629979853933,0.47486589019408276,0.6898608792356663,1.542634680757299,0.9442256593758773,0.3932596906774998,0.38601489163215935,true
0.5,15.836842105263157,-0.6108652381980153,2.750844196525404,0.4912151348550051,0.974801206367034,1.717440657778337,1.0781469945376165,0.38656339405861817,0.3944548526893727,true
0.5,15.836842105263157,-0.4363323129985824,3.362156609843062,0.49160769945868554,1.2680343254001247,1.880443737775373,1.181448470103409,0.3899957657264323,0.35522719552061116,true
0.5,15.836842105263157,-0.2617993877991494,3.9450111795617824,0.4832909743984827,1.5326136942690152,2.0162409053764656,1.2555961922251035,0.39750247379066317,0.2552610066041947,true
0.5,15.836842105263157,-0.08726646259971647,4.33100664083194,0.47505245935653884,1.700271982473193,2.0977473549435666,1.2958875438216069,0.40354578541066627,0.09436802514752493,true
0.5,15.836842105263157,0.08726646259971647,4.33100664083194,0.4750524593565389,1.700271982473192,2.0977473549435666,1.2958875438216075,0.40354578541066594,-0.09436802514752488,true
0.5,15.836842105263157,0.2617993877991494,3.9450111795617873,0.4832909743984823,1.5326136942690178,2.016240905376467,1.2555961922251047,0.3975024737906631,-0.2552610066041951,true
0.5,15.836842105263157,0.4363323129985824,3.36215660984307,0.4916076994586849,1.2680343254001296,1.8804437377753758,1.1814484701034096,0.3899957657264327,-0.3552271955206119,true
0.5,15.836842105263157,0.6108652381980153,2.7508441965254002,0.49121513485500545,0.9748012063670315,1.7174406577783357,1.0781469945376156,0.3865633940586181,-0.3944548526893723,true
0.5,15.836842105263157,0.7853981633974483,2.183629979853861,0.4748658901940915,0.6898608792356251,1.5426346807572708,0.944225659375857,0.3932596906775007,-0.3860148916321473,true
0.5,17.410526315789475,-0.7853981633974483,2.253971590624173,0.4911576299396073,0.7222258723638784,1.563474252748694,0.9509298659872836,0.37837269654252603,0.3984496502697928,true
0.5,17.410526315789475,-0.6108652381980153,2.839626987927774,0.5069849486386943,1.017389749478353,1.7420618528892993,1.083760600652819,0.37264160172029703,0.4071857819223126,true
0.5,17.410526315789475,-0.4363323129985824,3.4754883887596035,0.5070234518846488,1.3224125716647501,1.9091425154127026,1.1864350145771663,0.37658066138411794,0.3672012151099128,true
0.5,17.410526315789475,-0.2617993877991494,4.086914402651358,0.4984109548012151,1.59942427970717,2.0491092094790337,1.2604092578153943,0.38439721934355914,0.26444282128265834,true
0.5,17.410526315789475,-0.08726646259971647,4.49511103598215,0.4899414452597306,1.7760448829114794,2.133562693394864,1.3007553164450696,0.3906327510818239,0.09794368523748204,true
0.5,17.410526315789475,0.08726646259971647,4.49511103598207,0.48994144525973515,1.776044882911435,2.133562693394841,1.3007553164450574,0.3906327510818246,-0.09794368523748055,true
0.5,17.410526315789475,0.2617993877991494,4.0869144026462205,0.4984109548015303,1.5994242797042657,2.0491092094776344,1.2604092578150559,0.3843972193433247,-0.2644428212823044,true
0.5,17.410526315789475,0.4363323129985824,3.4754883887595875,0.5070234518846499,1.3224125716647417,1.9091425154126982,1.186435014577165,0.37658066138411733,-0.36720121510991127,true
0.5,17.410526315789475,0.6108652381980153,2.8396269879277787,0.5069849486386938,1.017389749478357,1.7420618528893017,1.0837606006528195,0.3726416017202974,-0.4071857819223133,true
0.5,17.410526315789475,0.7853981633974483,2.253971590628077,0.4911576299391666,0.7222258723660594,1.5634742527501726,0.950929865988334,0.3783726965424852,-0.3984496502704446,true
0.5,18.984210526315792,-0.7853981633974483,2.3175160244012623,0.505882654060021,0.7519081048761492,1.582345159841703,0.9568607863125388,0.36514583248161875,0.4096828249423244,true
0.5,18.984210526315792,-0.6108652381980153,2.9200024439478405,0.5212257139110088,1.0563541644641383,1.7642869179782341,1.0886907067549154,0.36023907681211226,0.41871114897496653,true
0.5,18.984210526315792,-0.4363323129985824,3.578456149670123,0.5209554896421401,1.3721781524634626,1.9350339289537508,1.1907954729275194,0.3645981008701178,0.37808022906857675,true
0.5,18.984210526315792,-0.2617993877991494,4.216466087577249,0.5120961365526442,1.660592030653292,2.0787457904468734,1.2645945143672543,0.3726719806958122,0.2728254316233742,true
0.5,18.984210526315792,-0.08726646259971647,4.645543318614613,0.503433107724126,1.8457051001872942,2.165966343662685,1.3050110414351452,0.3790598618958733,0.10122144454125544,true
0.5,18.984210526315792,0.08726646259971647,4.6455433186143145,0.503433107724142,1.8457051001871303,2.165966343662608,1.3050110414351188,0.3790598618958686,-0.10122144454124919,true
0.5,18.984210526315792,0.2617993877991494,4.216466087577239,0.5120961365526447,1.6605920306532873,2.078745790446871,1.2645945143672537,0.3726719806958119,-0.2728254316233737,true
0.5,18.984210526315792,0.4363323129985824,3.578456149670209,0.5209554896421343,1.3721781524635157,1.9350339289537788,1.190795472927529,0.36459810087012023,-0.37808022906858557,true
0.5,18.984210526315792,0.6108652381980153,2.9200024439478405,0.5212257139110088,1.0563541644641383,1.7642869179782341,1.0886907067549154,0.36023907681211226,-0.41871114897496653,true
0.5,18.984210526315792,0.7853981633974483,2.3175160243989996,0.5058826540602622,0.7519081048746634,1.5823451598408202,0.9568607863122806,0.3651458324813971,-0.40968282494188507,true
0.5,20.55789473684211,-0.7853981633974483,2.375332585287681,0.5192847584338854,0.7792848945565428,1.5995529965166573,0.9621581801307134,0.35328599228289603,0.4199034448206138,true
0.5,20.55789473684211,-0.6108652381980153,2.9932775900762207,0.5341783614606793,1.0921964311062662,1.7844867223488132,1.0930606366280409,0.3490920216295427,0.42921837326966156,true
0.5,20.55789473684211,-0.4363323129985824,3.672633520077491,0.5336373446855757,1.417964815064698,1.9585529433503752,1.1946442485099993,0.3538024849444542,0.3880304981313014,true
0.5,20.55789473684211,-0.2617993877991494,4.335478340577625,0.5245712799752755,1.717018048330023,2.105715103522569,1.2682907976254076,0.36208484666267887,0.2805260909756357,true
0.5,20.55789473684211,-0.08726646259971647,4.784260853190222,0.5157452600353273,1.910143097011383,2.1955150179862604,1.308778130668526,0.368597238229916,0.1042439520329887,true
0.5,20.55789473684211,0.08726646259971647,4.7842608531902595,0.5157452600353254,1.9101430970114022,2.195515017986269,1.308778130668527,0.3685972382299174,-0.10424395203298953,true
0.5,20.55789473684211,0.2617993877991494,4.335478340577305,0.5245712799752931,1.7170180483298494,2.105715103522489,1.2682907976253939,0.3620848466626645,-0.280526090975614,true
0.5,20.55789473684211,0.4363323129985824,3.6726335200774525,0.5336373446855781,1.4179648150646773,1.9585529433503643,1.1946442485099962,0.3538024849444529,-0.38803049813129725,true
0.5,20.55789473684211,0.6108652381980153,2.993277590076219,0.5341783614606794,1.0921964311062653,1.7844867223488128,1.0930606366280409,0.34909202162954267,-0.4292183732696614,true
0.5,20.55789473684211,0.7853981633974483,2.3753325852882887,0.5192847584338239,0.7792848945568811,1.5995529965168824,0.9621581801308949,0.3532859922828554,-0.41990344482070485,true
0.5,22.13157894736842,-0.7853981633974483,2.4282667020232314,0.5315567444664256,0.804631171867037,1.6153211269471637,0.9669171217837716,0.34257269360346304,0.4292609628822273,true
0.5,22.13157894736842,-0.6108652381980153,3.0604846603784868,0.546032894968223,1.1253328498623734,1.8029602601716614,1.096967385738244,0.33899647963116497,0.4388554712370672,true
0.5,22.13157894736842,-0.4363323129985824,3.759273089057327,0.5452528071778818,1.4601956404281202,1.9799977987807358,1.1980500884216356,0.34400975667202704,0.397184364051758,true
0.5,22.13157894736842,-0.2617993877991494,4.4454010052324415,0.5360133404444902,1.7693310696385152,2.130413607556724,1.271585903798642,0.3524549117593228,0.28763861081822506,true
0.5,22.13157894736842,-0.08726646259971647,4.912833174646102,0.5270496154714414,1.9700598166782228,2.2226379898575344,1.3121464949481123,0.35906864599477095,0.10704540605760136,true
0.5,22.13157894736842,0.08726646259971647,4.91283317464619,0.5270496154714371,1.9700598166782708,2.222637989857555,1.3121464949481156,0.35906864599477384,-0.10704540605760342,true
0.5,22.13157894736842,0.2617993877991494,4.445401005232444,0.5360133404444901,1.7693310696385172,2.130413607556725,1.2715859037986421,0.3524549117593229,-0.2876386108182254,true
0.5,22.13157894736842,0.4363323129985824,3.75927308905732,0.5452528071778823,1.460195640428113,1.9799977987807316,1.1980500884216343,0.3440097566720269,-0.3971843640517572,true
0.5,22.13157894736842,0.6108652381980153,3.060484660378485,0.5460328949682232,1.1253328498623731,1.8029602601716614,1.0969673857382438,0.33899647963116497,-0.438855471237067,true
0.5,22.13157894736842,0.7853981633974483,2.428266702022922,0.5315567444664555,0.8046311718668575,1.6153211269470498,0.9669171217837645,0.3425726936034225,-0.42926096288216287,true
0.5,23.705263157894738,-0.7853981633974483,2.4769942979641013,0.542853803436477,0.8281932208092404,1.6298424592190142,0.9712203057177959,0.3328299194211559,0.4378748663031458,true
0.5,23.705263157894738,-0.6108652381980153,3.12245358360034,0.5569414868721568,1.1560845851479307,1.819936584152671,1.1004809032112364,0.3297942614053403,0.44774144977029645,true
0.5,23.705263157894738,-0.4363323129985824,3.8393755273998007,0.5559496729839862,1.4994462970984337,1.9997231301130085,1.2011125508898106,0.33506124473878585,0.4056475522680645,true
0.5,23.705263157894738,-0.2617993877991494,4.547408757586158,0.5465641765253695,1.8180624532549858,2.153166251457278,1.2745499210762268,0.3436392448473721,0.2942389980830208,true
0.5,23.705263157894738,-0.08726646259971647,5.032539280837656,0.5374837772244064,2.025975929651607,2.2476547465322985,1.3151778353293182,0.35033757134721827,0.10965367471441281,true
0.5,23.705263157894738,0.08726646259971647,5.0325392808377485,0.5374837772244022,2.025975929651657,2.24765474653232,1.3151778353293213,0.3503375713472214,-0.10965367471441495,true
0.5,23.705263157894738,0.2617993877991494,4.54740875758627,0.5465641765253639,1.818062453255046,2.153166251457306,1.2745499210762332,0.34363924484737557,-0.29423899808302806,true
0.5,23.705263157894738,0.4363323129985824,3.8393755273997394,0.5559496729839898,1.4994462970983973,1.9997231301129907,1.2011125508898057,0.3350612447387838,-0.4056475522680577,true
0.5,23.705263157894738,0.6108652381980153,3.12245358360034,0.5569414868721568,1.1560845851479316,1.8199365841526713,1.1004809032112364,0.32979426140534035,-0.44774144977029645,true
0.5,23.705263157894738,0.7853981633974483,2.4769942979649855,0.5428538034363954,0.8281932208097569,1.6298424592193388,0.971220305717951,0.3328299194211897,-0.43787486630330064,true
0.5,25.278947368421054,-0.7853981633974483,2.5220626833965256,0.5533025809859705,0.850201692348931,1.6432904140961793,0.9751432770963394,0.3239142206455592,0.4458419065101075,true
0.5,25.278947368421054,-0.6108652381980153,3.1798655344362525,0.567027447914077,1.1846191002900293,1.8355484740617969,1.1036305109245848,0.3213669317188288,0.45597398530775407,true
0.5,25.278947368421054,-0.4363323129985824,3.913764157729409,0.5658476846258103,1.5360654378371392,2.017952149884109,1.2038838218973642,0.3268385320350165,0.41350705057458204,true
0.5,25.278947368421054,-0.2617993877991494,4.642467998616423,0.556339066737168,1.8636163416254605,2.1742200172134893,1.2772320951844862,0.3355251995077705,0.300389783580262,true
0.5,25.278947368421054,-0.08726646259971647,5.144432660070067,0.5471597468457752,2.078363053484091,2.2708425982927305,1.317925891101042,0.3422931915538121,0.1120917124693889,true
0.5,25.278947368421054,0.08726646259971647,5.1444326600690875,0.5471597468458183,2.0783630534836153,2.270842598292518,1.3179258911009573,0.3422931915538128,-0.11209171246937631,true
0.5,25.278947368421054,0.2617993877991494,4.6424679986164215,0.5563390667371682,1.86361634162546,2.174220017213489,1.2772320951844862,0.33552519950777043,-0.30038978358026197,true
0.5,25.278947368421054,0.4363323129985824,3.913764157729445,0.5658476846258083,1.5360654378371559,2.0179521498841173,1.2038838218973655,0.32683853203501806,-0.41350705057458575,true
0.5,25.278947368421054,0.6108652381980153,3.1798655344362445,0.5670274479140776,1.184619100290024,1.835548474061794,1.1036305109245839,0.32136693171882846,-0.4559739853077529,true
0.5,25.278947368421054,0.7853981633974483,2.522062683398209,0.5533025809858214,0.8502016923499256,1.6432904140967957,0.9751432770966212,0.3239142206456191,-0.44584190651040406,true
0.5,26.85263157894737,-0.7853981633974483,2.5639267537968697,0.5630071026605473,0.8707943226915532,1.6557743341181204,0.9787259498796217,0.315717225339497,0.45324249852691306,true
0.5,26.85263157894737,-0.6108652381980153,3.233269351870494,0.5763931281512849,1.2113144029429148,1.8500348120904406,1.1065024544151296,0.31359933594208006,0.46363177812670725,true
0.5,26.85263157894737,-0.4363323129985824,3.9831205963245355,0.5750453461947461,1.5703365521025006,2.034864395586441,1.206403991026443,0.319246049740988,0.42083487484357684,true
0.5,26.85263157894737,-0.2617993877991494,4.731381890489208,0.5654329470274396,1.9063370112869313,2.193780759915445,1.279672568398447,0.32802105013996796,0.3061429357280357,true
0.5,26.85263157894737,-0.08726646259971647,5.249392808475467,0.5561697660290876,2.1276125341531684,2.292427715259616,1.320432684660135,0.3348458159313801,0.11437870262566475,true
0.5,26.85263157894737,0.08726646259971647,5.249392808974724,0.5561697660079818,2.1276125345427985,2.2924277154124124,1.3204326846868693,0.33484581594343316,-0.11437870264013962,true
0.5,26.85263157894737,0.2617993877991494,4.7313818904892155,0.5654329470274393,1.9063370112869353,2.193780759915447,1.2796725683984476,0.32802105013996813,-0.30614293572803625,true
0.5,26.85263157894737,0.4363323129985824,3.983120596324842,0.5750453461947298,1.570336552102694,2.0348643955865366,1.206403991026471,0.3192460497409961,-0.420834874843609,true
0.5,26.85263157894737,0.6108652381980153,3.233269351870488,0.5763931281512853,1.2113144029429108,1.8500348120904386,1.1065024544151287,0.31359933594207984,-0.46363177812670603,true
0.5,26.85263157894737,0.7853981633974483,2.56392675379449,0.5630071026607502,0.8707943226901517,1.6557743341172562,0.9787259498792353,0.31571722533940716,-0.4532424985264933,true
0.5,28.426315789473687,-0.7853981633974483,2.602966358856517,0.5720539843293775,0.8900702728918095,1.667375346369836,0.9819949819048711,0.3081518084346281,0.4601437908875927,true
0.5,28.426315789473687,-0.6108652381980153,3.2831286546794156,0.5851232061717491,1.236375490156346,1.8635318565521095,1.1091363321014993,0.30640703384966295,0.4707813084285758,true
0.5,28.426315789473687,-0.4363323129985824,4.048013805159209,0.5836246672060402,1.6025267538557413,2.0506227133818897,1.2087107220789275,0.31220390117472785,0.427691138505935,true
0.5,28.426315789473687,-0.2617993877991494,4.8148240523866885,0.5739249099860279,1.9465475644986334,2.2120341609023897,1.2819084376250844,0.3210501790180376,0.3115420408940215,true
0.5,28.426315789473687,-0.08726646259971647,5.348160081780152,0.5645907161455633,2.174030723722586,2.3125876085719543,1.3227294075339517,0.32792226254153506,0.11653071606372045,true
0.5,28.426315789473687,0.08726646259971647,5.348160081779909,0.5645907161455732,2.1740307237224106,2.312587608571882,1.3227294075339178,0.32792226254153883,-0.11653071606371561,true
0.5,28.426315789473687,0.2617993877991494,4.814824052386687,0.573924909986028,1.9465475644986316,2.212034160902389,1.2819084376250842,0.32105017901803756,-0.3115420408940213,true
0.5,28.426315789473687,0.4363323129985824,4.048013805158961,0.583624667206053,1.6025267538555683,2.050622713381806,1.2087107220789028,0.31220390117472197,-0.4276911385059091,true
0.5,28.426315789473687,0.6108652381980153,3.2831286546794205,0.5851232061717487,1.2363754901563486,1.8635318565521108,1.1091363321014998,0.30640703384966317,-0.47078130842857663,true
0.5,28.426315789473687,0.7853981633974483,2.6029663588564924,0.5720539843293795,0.890070272891795,1.667375346369827,0.9819949819048673,0.3081518084346272,-0.46014379088758844,true
0.5,30.0,-0.7853981633974483,2.6394961102930146,0.5805164993079375,0.9081713513849033,1.678196264593219,0.9849933491064928,0.30113871112401425,0.46660139962746483,true
0.5,30.0,-0.6108652381980153,3.329835061191855,0.593288723219653,1.2599506134652205,1.876139980655629,1.1115579636872688,0.299721997902174,0.4774787319747341,true
0.5,30.0,-0.4363323129985824,4.108924495994558,0.5916545304483932,1.6328559966765528,2.065360016804112,1.2108333278547654,0.3056462573863223,0.4341266309547233,true
0.5,30.0,-0.2617993877991494,4.893366820082008,0.5818814063434116,1.9844872166895229,2.229119654343768,1.2839646589445524,0.3145503618443023,0.31662413192777883,true
0.5,30.0,-0.08726646259971647,5.441366447116647,0.5724871887049273,2.217899946879518,2.3314802227639326,1.3248435125609657,0.32146136124296487,0.11856158202789105,true
0.5,30.0,0.08726646259971647,5.441366447113982,0.572487188705032,2.217899946877465,2.3314802227638785,1.3248435125609945,0.3214613612429715,-0.11856158202781485,true
0.5,30.0,0.2617993877991494,4.893366820082,0.5818814063434119,1.9844872166895187,2.229119654343766,1.2839646589445517,0.31455036184430224,-0.3166241319277783,true
0.5,30.0,0.4363323129985824,4.1089244959945725,0.5916545304483926,1.6328559966765572,2.065360016804114,1.2108333278547674,0.305646257386322,-0.43412663095472437,true
0.5,30.0,0.6108652381980153,3.3298350611918623,0.5932887232196525,1.2599506134652234,1.8761399806556305,1.1115579636872692,0.2997219979021743,-0.477478731974735,true
0.5,30.0,0.7853981633974483,2.6394961102931154,0.5805164993079295,0.9081713513849636,1.6781962645932553,0.984993349106509,0.3011387111240175,-0.4666013996274824,true
0.5,40.0,-0.7853981633974483,2.827385485647478,0.6240089438798126,1.0029298119699577,1.7337415099332354,0.9997735191847988,0.2659260518644591,0.4998158624687093,true
0.5,40.0,-0.6108652381980153,3.5709349862745823,0.6352490290968205,1.383248074051294,1.9407462864285088,1.1234230325757009,0.2659608131527776,0.512051040901158,true
0.5,40.0,-0.4363323129985824,4.4252266588838065,0.6330033897952068,1.7918332714957246,2.140949916058041,1.221192377346777,0.27236649343225944,0.4675453995740707,true
0.5,40.0,-0.2617993877991494,5.304692771506135,0.6229869837498601,2.1844831483523897,2.3171029968174195,1.2940178363647983,0.2814231757067972,0.3432388792781271,true
0.5,40.0,-0.08726646259971647,5.933295081106401,0.6133894045240542,2.450578679043559,2.4292297878826488,1.3352376203282783,0.2884426109115148,0.12928018498997731,true
0.5,40.0,0.08726646259971647,5.933295081106043,0.6133894045240659,2.4505786790433777,2.42922978788257,1.3352376203282528,0.28844261091151085,-0.12928018498997043,true
0.5,40.0,0.2617993877991494,5.304692771506245,0.6229869837498562,2.1844831483524496,2.3171029968174435,1.2940178363647978,0.28142317570680153,-0.3432388792781349,true
0.5,40.0,0.4363323129985824,4.425226658883823,0.6330033897952061,1.7918332714957323,2.140949916058044,1.221192377346778,0.27236649343225966,-0.4675453995740723,true
0.5,40.0,0.6108652381980153,3.570934986274589,0.6352490290968201,1.3832480740512971,1.9407462864285103,1.1234230325757013,0.2659608131527778,-0.5120510409011588,true
0.5,40.0,0.7853981633974483,2.8273854856474276,0.624008943879816,1.002929811969928,1.7337415099332174,0.9997735191847927,0.2659260518644571,-0.49981586246870047,true
0.5,50.0,-0.7853981633974483,2.9643136565079957,0.6556563544069387,1.0736599325873015,1.7740687315088095,1.0098961594208984,0.241101744533294,0.5240215719846529,true
0.5,50.0,-0.6108652381980153,3.7475535274973146,0.6657861827465574,1.475197459883086,1.9875600418808785,1.131483814860479,0.2419583274392793,0.5373770992314127,true
0.5,50.0,-0.4363323129985824,4.658924915270588,0.6631921989272231,1.910843491256529,2.1958340056751644,1.2281982750694795,0.2485360383028719,0.4922366876914061,true
0.5,50.0,-0.2617993877991494,5.612365808731831,0.6531479985840948,2.3354478425002005,2.38136424881612,1.3008349343270362,0.25755251266474083,0.3631467897771466,true
0.5,50.0,-0.08726646259971647,6.305539574964016,0.6435226836475382,2.627696783870159,2.5010784806403485,1.3423320379263446,0.26455511931678943,0.13739099617026204,true
0.5,50.0,0.08726646259971647,6.305539574967103,0.6435226836474509,2.6276967838714076,2.5010784806406767,1.3423320379264454,0.26455511931680786,-0.13739099617033157,true
0.5,50.0,0.2617993877991494,5.612365808731796,0.6531479985840959,2.3354478425001806,2.3813642488161118,1.3008349343270353,0.2575525126647399,-0.36314678977714415,true
0.5,50.0,0.4363323129985824,4.658924915270898,0.6631921989272119,1.9108434912567192,2.1958340056752483,1.228198275069498,0.24853603830287915,-0.4922366876914404,true
0.5,50.0,0.6108652381980153,3.7475535274973053,0.6657861827465579,1.4751974598830788,1.987560041880875,1.1314838148604784,0.24195832743927903,-0.5373770992314114,true
0.5,50.0,0.7853981633974483,2.964313656508005,0.6556563544069381,1.0736599325873095,1.774068731508814,1.0098961594209002,0.24110174453329425,-0.5240215719846548,true
0.5,60.0,-0.7853981633974483,3.070200501202013,0.6800937376250135,1.1292620461262275,1.8051382469587194,1.0173649567311298,0.22234684276340114,0.5427398984361598,true
0.5,60.0,-0.6108652381980153,3.884656614533552,0.6893751667062524,1.5474421037748134,2.0235820240414975,1.137395465943514,0.2237119581645687,0.5570368742101611,true
0.5,60.0,-0.4363323129985824,4.841490582935543,0.6865716986121649,2.004648093513867,2.238145701073554,1.2333218032865243,0.23032310906301043,0.5115255848662756,true
0.5,60.0,-0.2617993877991494,5.854969713729812,0.676597834834852,2.4552330401601283,2.4311450144857107,1.3058342959196543,0.23922063024478973,0.37884441744723263,true
0.5,60.0,-0.08726646259971647,6.6017074715427855,0.6670275612455483,2.769157624722495,2.5570129549571377,1.3475611370989478,0.24615237774065032,0.14384417931581575,true
0.5,60.0,0.08726646259971647,6.6017074716391,0.6670275612431193,2.7691576247712497,2.5570129549769596,1.3475611371033343,0.24615237774158813,-0.14384417931770782,true
0.5,60.0,0.2617993877991494,5.854969713729773,0.6765978348348531,2.455233040160111,2.4311450144857036,1.3058342959196532,0.23922063024478898,-0.3788444174472301,true
0.5,60.0,0.4363323129985824,4.841490582935464,0.6865716986121675,2.0046480935138216,2.2381457010735333,1.2333218032865205,0.2303231090630085,-0.5115255848662678,true
0.5,60.0,0.6108652381980153,3.8846566145336294,0.6893751667062493,1.547442103774862,2.0235820240415214,1.13739546594352,0.2237119581645706,-0.5570368742101729,true
0.5,60.0,0.7853981633974483,3.070200501202151,0.6800937376250062,1.12926204612631,1.805138246958766,1.0173649567311476,0.22234684276340452,-0.5427398984361856,true
